<filelist>	
<file>
 		<filename>table0.doc</filename>
		 <title>table0</title>
 		 <language>english</language> 
  	 <orderNo>2012</orderNo> 
 </file>	
 	<file>
 		<filename>table1.doc</filename>
		 <title>table1</title>
 		 <language>english</language> 
  	 <orderNo>2000</orderNo> 
 </file>
  	<file>
 		<filename>table2.doc</filename>
		 <title>table2</title>
 		 <language>english</language> 
  	 <orderNo>2001</orderNo> 
 </file>
  	<file>
 		<filename>table3.doc</filename>
		 <title>table3</title>
 		 <language>english</language> 
  	 <orderNo>2002</orderNo> 
 </file>
  	<file>
 		<filename>table4.doc</filename>
		 <title>table4</title>
 		 <language>english</language> 
  	 <orderNo>2004</orderNo> 
 </file> 	<file>
 		<filename>table5.doc</filename>
		 <title>table5</title>
 		 <language>english</language> 
  	 <orderNo>2005</orderNo> 
 </file>
  	<file>
 		<filename>table6.doc</filename>
		 <title>table6</title>
 		 <language>english</language> 
  	 <orderNo>2006</orderNo> 
 </file>
  	<file>
 		<filename>table7.doc</filename>
		 <title>table7</title>
 		 <language>english</language> 
  	 <orderNo>2007</orderNo> 
 </file>
  	<file>
 		<filename>table8.doc</filename>
		 <title>table8</title>
 		 <language>english</language> 
  	 <orderNo>2008</orderNo> 
 </file>
  	<file>
 		<filename>table9.doc</filename>
		 <title>table9</title>
 		 <language>english</language> 
  	 <orderNo>2009</orderNo> 
 </file>
  	<file>
 		<filename>table10.doc</filename>
		 <title>table10</title>
 		 <language>english</language> 
  	 <orderNo>2010</orderNo> 
 </file>
  	<file>
 		<filename>table11.doc</filename>
		 <title>table11</title>
 		 <language>english</language> 
  	 <orderNo>2011</orderNo> 
 </file>
 
</filelist>