<suite name="10_Voip" parallel="false" fileFragmentationLevel="2" preserve-order="true">
  <listeners>  
    <listener class-name="org.uncommons.reportng.HTMLReporter" />  
	<listener class-name="com.Seleniumhelper.listeners.MyRetryListener" />
  </listeners> 
 <test name="VP01_Voip_GUIElemets_DefaultValues"><classes><class name="com.administration.configuration.voip.VP01_Voip_GUIElemets_DefaultValues"/></classes></test>
 <test name="VP02_Voip_AddSIPManipulation"><classes><class name="com.administration.configuration.voip.VP02_Voip_AddSIPManipulation"/></classes></test>
 <test name="VP03_Voip_EditSIPManipulation"><classes><class name="com.administration.configuration.voip.VP03_Voip_EditSIPManipulation"/></classes></test>
 <test name="VP04_Voip_DeleteSIPManipulation"><classes><class name="com.administration.configuration.voip.VP04_Voip_DeleteSIPManipulation"/></classes></test>
 <test name="VP05_Voip_AddSIPRouting"><classes><class name="com.administration.configuration.voip.VP05_Voip_AddSIPRouting"/></classes></test>
 <test name="VP06_Voip_EditSIPRouting"><classes><class name="com.administration.configuration.voip.VP06_Voip_EditSIPRouting"/></classes></test>
 <test name="VP07_Voip_DeleteSIPRouting"><classes><class name="com.administration.configuration.voip.VP07_Voip_DeleteSIPRouting"/></classes></test>
 <test name="VP08_Voip_SIPErrorCodes"><classes><class name="com.administration.configuration.voip.VP08_Voip_SIPErrorCodes"/></classes></test>
 <test name="VP09_Voip_CallForward"><classes><class name="com.administration.configuration.voip.VP09_Voip_CallForward"/></classes></test>
 <test name="VP10_Voip_ListeningPorts"><classes><class name="com.administration.configuration.voip.VP10_Voip_ListeningPorts"/></classes></test>
 <test name="VP11_Voip_PortMapping"><classes><class name="com.administration.configuration.voip.VP11_Voip_PortMapping"/></classes></test>
 <test name="VP12_Voip_CheckBackupLinkModes"><classes><class name="com.administration.configuration.voip.VP12_Voip_CheckBackupLinkModes"/></classes></test>
 <test name="VP13_Voip_ConfigureBLC"><classes><class name="com.administration.configuration.voip.VP13_Voip_ConfigureBLC"/></classes></test>
 <test name="VP14_Voip_BLCRouting"><classes><class name="com.administration.configuration.voip.VP14_Voip_BLCRouting"/></classes></test>
 <test name="VP15_Voip_ConfigureBLS"><classes><class name="com.administration.configuration.voip.VP15_Voip_ConfigureBLS"/></classes></test>
 <test name="VP16_Voip_BLSAddClient"><classes><class name="com.administration.configuration.voip.VP16_Voip_BLSAddClient"/></classes></test>
 <test name="VP17_Voip_BLSRouting"><classes><class name="com.administration.configuration.voip.VP17_Voip_BLSRouting"/></classes></test>
 <test name="VP18_Voip_BLSEditClient"><classes><class name="com.administration.configuration.voip.VP18_Voip_BLSEditClient"/></classes></test>
 <test name="VP19_Voip_BLSDeleteClient"><classes><class name="com.administration.configuration.voip.VP19_Voip_BLSDeleteClient"/></classes></test>
 <test name="VP20_Voip_SetBackupLinkModeNone"><classes><class name="com.administration.configuration.voip.VP20_Voip_SetBackupLinkModeNone"/></classes></test> 
 <test name="VP21_Voip_AddSIPServiceProviderProfile"><classes><class name="com.administration.configuration.voip.VP21_Voip_AddSIPServiceProviderProfile"/></classes></test>
 <test name="VP22_Voip_EditSIPServiceProviderProfile"><classes><class name="com.administration.configuration.voip.VP22_Voip_EditSIPServiceProviderProfile"/></classes></test>
 <test name="VP23_Voip_EditSIPServiceProviderProfile_AddSIP"><classes><class name="com.administration.configuration.voip.VP23_Voip_EditSIPServiceProviderProfile_AddSIP"/></classes></test>
 <test name="VP24_Voip_EditSIPServiceProviderProfile_EditSIP"><classes><class name="com.administration.configuration.voip.VP24_Voip_EditSIPServiceProviderProfile_EditSIP"/></classes></test>
 <test name="VP25_Voip_EditSIPServiceProviderProfile_DeleteSIP"><classes><class name="com.administration.configuration.voip.VP25_Voip_EditSIPServiceProviderProfile_DeleteSIP"/></classes></test>
 <test name="VP26_Voip_AddGateway"><classes><class name="com.administration.configuration.voip.VP26_Voip_AddGateway"/></classes></test>
 <test name="VP27_Voip_EditGateway"><classes><class name="com.administration.configuration.voip.VP27_Voip_EditGateway"/></classes></test> 
 <test name="VP28_Voip_DeleteGateway"><classes><class name="com.administration.configuration.voip.VP28_Voip_DeleteGateway"/></classes></test>
 <test name="VP29_Voip_GatewaySettings"><classes><class name="com.administration.configuration.voip.VP29_Voip_GatewaySettings"/></classes></test>
 <test name="VP30_Voip_DeleteSIPServiceProviderProfile"><classes><class name="com.administration.configuration.voip.VP30_Voip_DeleteSIPServiceProviderProfile"/></classes></test>
 <test name="VP31_Voip_AddQoS"><classes><class name="com.administration.configuration.voip.VP31_Voip_AddQoS"/></classes></test>
 <test name="VP32_Voip_EditQoS"><classes><class name="com.administration.configuration.voip.VP32_Voip_EditQoS"/></classes></test>
 <test name="VP33_Voip_DeleteQoS"><classes><class name="com.administration.configuration.voip.VP33_Voip_DeleteQoS"/></classes></test>
 <test name="VP34_Voip_DisableQoS"><classes><class name="com.administration.configuration.voip.VP34_Voip_DisableQoS"/></classes></test>
 <test name="VP35_Voip_CommSystem_AddTrustedAddress"><classes><class name="com.administration.configuration.voip.VP35_Voip_CommSystem_AddTrustedAddress"/></classes></test>
 <test name="VP36_Voip_CommSystem_EditTrustedAddress"><classes><class name="com.administration.configuration.voip.VP36_Voip_CommSystem_EditTrustedAddress"/></classes></test>
 <test name="VP37_Voip_CommSystem_DeleteTrustedAddress"><classes><class name="com.administration.configuration.voip.VP37_Voip_CommSystem_DeleteTrustedAddress"/></classes></test>
 <test name="VP38_Voip_CommSystem_Simplex"><classes><class name="com.administration.configuration.voip.VP38_Voip_CommSystem_Simplex"/></classes></test>
 <test name="VP39_Voip_CommSystem_Collocated"><classes><class name="com.administration.configuration.voip.VP39_Voip_CommSystem_Collocated"/></classes></test>
 <test name="VP40_Voip_CommSystem_GeoSeparated"><classes><class name="com.administration.configuration.voip.VP40_Voip_CommSystem_GeoSeparated"/></classes></test>
 <test name="VP41_Voip_CommSystem_GeneralSettings"><classes><class name="com.administration.configuration.voip.VP41_Voip_CommSystem_GeneralSettings"/></classes></test>
 <test name="VP42_Voip_TimersAndThresholds"><classes><class name="com.administration.configuration.voip.VP42_Voip_TimersAndThresholds"/></classes></test>
 <test name="VP43_Voip_DeleteCodecd"><classes><class name="com.administration.configuration.voip.VP43_Voip_DeleteCodec"/></classes></test>
 <test name="VP44_Voip_AddCodec"><classes><class name="com.administration.configuration.voip.VP44_Voip_AddCodec"/></classes></test>
 <test name="VP45_Voip_MoveCodec"><classes><class name="com.administration.configuration.voip.VP45_Voip_MoveCodec"/></classes></test>
   </suite>