##Domain;parentDomainName;name;description;attributes
Domain;;system;Default root domain;workgroupPurgeTime\=0\,journalPurgeTime\=0\,tenantPrivateCL\=svc-contactlist\,RingNoAnswer\=0\,tenantGlobalCL\=svc-ldapconnector\,svc-globalcontactlist\,conferencePurgeTime\=0
##Switch4k;id;version;name;CSTAAddressMain;CSTAPortMain;applId;subApplId
Switch4k;SYS2_10.3.253.2;HP4K;Upgrade4K;10.3.253.2;1040;2;22;HP4K;Upgrade4K;10.3.253.2;1040;2;22
##BCFederation;id;bcomHomeResponsibility;comProviderResponsibility;switchId
BCFederation;SIProv17;1;SIProv17;SYS2_10.3.253.2
