##User;id;domain;displayName;currentTimeZone;homeTimeZone;defaultLocale;vanityCodeString;password;pin;publishedResource;assignedBusinessGroup;assignedProfile;assignedVoicemail;preferredDeviceAndTarget;allocatedPhone;assignedCallQueue
User;user.paging.1;system;User 1;US/Central;US/Central;en_US;12345678;01*Test!;12345678;;;Essential:OpenScape UC App;;;;
User;user.paging.2;system;User 2;US/Central;US/Central;en_US;12345678;01*Test!;12345678;;;Essential:OpenScape UC App;;;;
User;user.paging.3;system;User 3;US/Central;US/Central;en_US;12345678;01*Test!;12345678;;;Essential:OpenScape UC App;;;;
User;user.paging.4;system;User 4;US/Central;US/Central;en_US;12345678;01*Test!;12345678;;;Essential:OpenScape UC App;;;;
User;user.paging.5;system;User 5;US/Central;US/Central;en_US;12345678;01*Test!;12345678;;;Essential:OpenScape UC App;;;;
User;user.paging.6;system;User 6;US/Central;US/Central;en_US;12345678;01*Test!;12345678;;;Essential:OpenScape UC App;;;;
User;user.paging.7;system;User 7;US/Central;US/Central;en_US;12345678;01*Test!;12345678;;;Essential:OpenScape UC App;;;;
User;user.paging.8;system;User 8;US/Central;US/Central;en_US;12345678;01*Test!;12345678;;;Essential:OpenScape UC App;;;;
User;user.paging.9;system;User 9;US/Central;US/Central;en_US;12345678;01*Test!;12345678;;;Essential:OpenScape UC App;;;;
User;user.paging.10;system;User 10;US/Central;US/Central;en_US;12345678;01*Test!;12345678;;;Essential:OpenScape UC App;;;;
User;user.paging.11;system;User 11;US/Central;US/Central;en_US;12345678;01*Test!;12345678;;;Essential:OpenScape UC App;;;;