##User;id;domain;displayName;currentTimeZone;homeTimeZone;defaultLocale;vanityCodeString;password;pin;publishedResource;assignedBusinessGroup;assignedProfile;assignedVoicemail;preferredDeviceAndTarget;allocatedPhone;assignedCallQueue
User;user.license.1;system;User 1;US/Central;US/Central;en_US;12345678;01*Test!;12345678;;;Essential:OpenScape UC App;;;;
User;user.license.2;system;User 2;US/Central;US/Central;en_US;12345678;01*Test!;12345678;;;Essential:OpenScape UC App;;;;
User;user.license.3;system;User 3;US/Central;US/Central;en_US;12345678;01*Test!;12345678;;;Essential:OpenScape UC App;;;;
User;user.license.4;system;User 4;US/Central;US/Central;en_US;12345678;01*Test!;12345678;;;Essential:OpenScape UC App;;;;
User;user.license.5;system;User 5;US/Central;US/Central;en_US;12345678;01*Test!;12345678;;;Essential:OpenScape UC App;;;;
User;user.license.6;system;User 6;US/Central;US/Central;en_US;12345678;01*Test!;12345678;;;Essential:OpenScape UC App;;;;
User;user.license.7;system;User 7;US/Central;US/Central;en_US;12345678;01*Test!;12345678;;;Essential:OpenScape UC App;;;;
User;user.license.8;system;User 8;US/Central;US/Central;en_US;12345678;01*Test!;12345678;;;Essential:OpenScape UC App;;;;
User;user.license.9;system;User 9;US/Central;US/Central;en_US;12345678;01*Test!;12345678;;;Essential:OpenScape UC App;;;;
User;user.license.10;system;User 10;US/Central;US/Central;en_US;12345678;01*Test!;12345678;;;Essential:OpenScape UC App;;;;
User;user.license.11;system;User 11;US/Central;US/Central;en_US;12345678;01*Test!;12345678;;;Essential:OpenScape UC App;;;;
User;user.license.12;system;User 12;US/Central;US/Central;en_US;12345678;01*Test!;12345678;;;Essential:OpenScape UC App;;;;
User;user.license.13;system;User 13;US/Central;US/Central;en_US;12345678;01*Test!;12345678;;;Essential:OpenScape UC App;;;;
User;user.license.14;system;User 14;US/Central;US/Central;en_US;12345678;01*Test!;12345678;;;Essential:OpenScape UC App;;;;
User;user.license.15;system;User 15;US/Central;US/Central;en_US;12345678;01*Test!;12345678;;;Essential:OpenScape UC App;;;;
User;user.license.16;system;User 16;US/Central;US/Central;en_US;12345678;01*Test!;12345678;;;Essential:OpenScape UC App;;;;
User;user.license.17;system;User 17;US/Central;US/Central;en_US;12345678;01*Test!;12345678;;;Essential:OpenScape UC App;;;;
User;user.license.18;system;User 18;US/Central;US/Central;en_US;12345678;01*Test!;12345678;;;Essential:OpenScape UC App;;;;
User;user.license.19;system;User 19;US/Central;US/Central;en_US;12345678;01*Test!;12345678;;;Essential:OpenScape UC App;;;;
User;user.license.20;system;User 20;US/Central;US/Central;en_US;12345678;01*Test!;12345678;;;Essential:OpenScape UC App;;;;
User;user.license.21;system;User 21;US/Central;US/Central;en_US;12345678;01*Test!;12345678;;;Essential:OpenScape UC App;;;;
User;user.license.22;system;User 22;US/Central;US/Central;en_US;12345678;01*Test!;12345678;;;Essential:OpenScape UC App;;;;
User;user.license.23;system;User 23;US/Central;US/Central;en_US;12345678;01*Test!;12345678;;;Essential:OpenScape UC App;;;;
User;user.license.24;system;User 24;US/Central;US/Central;en_US;12345678;01*Test!;12345678;;;Essential:OpenScape UC App;;;;
User;user.license.25;system;User 25;US/Central;US/Central;en_US;12345678;01*Test!;12345678;;;Essential:OpenScape UC App;;;;
User;user.license.26;system;User 26;US/Central;US/Central;en_US;12345678;01*Test!;12345678;;;Essential:OpenScape UC App;;;;
User;user.license.27;system;User 27;US/Central;US/Central;en_US;12345678;01*Test!;12345678;;;Essential:OpenScape UC App;;;;
User;user.license.28;system;User 28;US/Central;US/Central;en_US;12345678;01*Test!;12345678;;;Essential:OpenScape UC App;;;;
User;user.license.29;system;User 29;US/Central;US/Central;en_US;12345678;01*Test!;12345678;;;Essential:OpenScape UC App;;;;
User;user.license.30;system;User 30;US/Central;US/Central;en_US;12345678;01*Test!;12345678;;;Essential:OpenScape UC App;;;;
User;user.license.31;system;User 31;US/Central;US/Central;en_US;12345678;01*Test!;12345678;;;Essential:OpenScape UC App;;;;
User;user.license.32;system;User 32;US/Central;US/Central;en_US;12345678;01*Test!;12345678;;;Essential:OpenScape UC App;;;;
User;user.license.33;system;User 33;US/Central;US/Central;en_US;12345678;01*Test!;12345678;;;Essential:OpenScape UC App;;;;
User;user.license.34;system;User 34;US/Central;US/Central;en_US;12345678;01*Test!;12345678;;;Essential:OpenScape UC App;;;;
User;user.license.35;system;User 35;US/Central;US/Central;en_US;12345678;01*Test!;12345678;;;Essential:OpenScape UC App;;;;
User;user.license.36;system;User 36;US/Central;US/Central;en_US;12345678;01*Test!;12345678;;;Essential:OpenScape UC App;;;;
User;user.license.37;system;User 37;US/Central;US/Central;en_US;12345678;01*Test!;12345678;;;Essential:OpenScape UC App;;;;
User;user.license.38;system;User 38;US/Central;US/Central;en_US;12345678;01*Test!;12345678;;;Essential:OpenScape UC App;;;;
User;user.license.39;system;User 39;US/Central;US/Central;en_US;12345678;01*Test!;12345678;;;Essential:OpenScape UC App;;;;
User;user.license.40;system;User 40;US/Central;US/Central;en_US;12345678;01*Test!;12345678;;;Essential:OpenScape UC App;;;;
User;user.license.41;system;User 41;US/Central;US/Central;en_US;12345678;01*Test!;12345678;;;Essential:OpenScape UC App;;;;
User;user.license.42;system;User 42;US/Central;US/Central;en_US;12345678;01*Test!;12345678;;;Essential:OpenScape UC App;;;;
User;user.license.43;system;User 43;US/Central;US/Central;en_US;12345678;01*Test!;12345678;;;Essential:OpenScape UC App;;;;
User;user.license.44;system;User 44;US/Central;US/Central;en_US;12345678;01*Test!;12345678;;;Essential:OpenScape UC App;;;;
User;user.license.45;system;User 45;US/Central;US/Central;en_US;12345678;01*Test!;12345678;;;Essential:OpenScape UC App;;;;
User;user.license.46;system;User 46;US/Central;US/Central;en_US;12345678;01*Test!;12345678;;;Essential:OpenScape UC App;;;;
User;user.license.47;system;User 47;US/Central;US/Central;en_US;12345678;01*Test!;12345678;;;Essential:OpenScape UC App;;;;
User;user.license.48;system;User 48;US/Central;US/Central;en_US;12345678;01*Test!;12345678;;;Essential:OpenScape UC App;;;;
User;user.license.49;system;User 49;US/Central;US/Central;en_US;12345678;01*Test!;12345678;;;Essential:OpenScape UC App;;;;
User;user.license.50;system;User 50;US/Central;US/Central;en_US;12345678;01*Test!;12345678;;;Essential:OpenScape UC App;;;;
User;user.license.51;system;User 51;US/Central;US/Central;en_US;12345678;01*Test!;12345678;;;Essential:OpenScape UC App;;;;
User;user.license.52;system;User 52;US/Central;US/Central;en_US;12345678;01*Test!;12345678;;;Essential:OpenScape UC App;;;;
User;user.license.53;system;User 53;US/Central;US/Central;en_US;12345678;01*Test!;12345678;;;Essential:OpenScape UC App;;;;
User;user.license.54;system;User 54;US/Central;US/Central;en_US;12345678;01*Test!;12345678;;;Essential:OpenScape UC App;;;;
User;user.license.55;system;User 55;US/Central;US/Central;en_US;12345678;01*Test!;12345678;;;Essential:OpenScape UC App;;;;
User;user.license.56;system;User 56;US/Central;US/Central;en_US;12345678;01*Test!;12345678;;;Essential:OpenScape UC App;;;;
User;user.license.57;system;User 57;US/Central;US/Central;en_US;12345678;01*Test!;12345678;;;Essential:OpenScape UC App;;;;
User;user.license.58;system;User 58;US/Central;US/Central;en_US;12345678;01*Test!;12345678;;;Essential:OpenScape UC App;;;;
User;user.license.59;system;User 59;US/Central;US/Central;en_US;12345678;01*Test!;12345678;;;Essential:OpenScape UC App;;;;
User;user.license.60;system;User 60;US/Central;US/Central;en_US;12345678;01*Test!;12345678;;;Essential:OpenScape UC App;;;;
User;user.license.61;system;User 61;US/Central;US/Central;en_US;12345678;01*Test!;12345678;;;Essential:OpenScape UC App;;;;
User;user.license.62;system;User 62;US/Central;US/Central;en_US;12345678;01*Test!;12345678;;;Essential:OpenScape UC App;;;;
User;user.license.63;system;User 63;US/Central;US/Central;en_US;12345678;01*Test!;12345678;;;Essential:OpenScape UC App;;;;
User;user.license.64;system;User 64;US/Central;US/Central;en_US;12345678;01*Test!;12345678;;;Essential:OpenScape UC App;;;;
User;user.license.65;system;User 65;US/Central;US/Central;en_US;12345678;01*Test!;12345678;;;Essential:OpenScape UC App;;;;
User;user.license.66;system;User 66;US/Central;US/Central;en_US;12345678;01*Test!;12345678;;;Essential:OpenScape UC App;;;;
User;user.license.67;system;User 67;US/Central;US/Central;en_US;12345678;01*Test!;12345678;;;Essential:OpenScape UC App;;;;
User;user.license.68;system;User 68;US/Central;US/Central;en_US;12345678;01*Test!;12345678;;;Essential:OpenScape UC App;;;;
User;user.license.69;system;User 69;US/Central;US/Central;en_US;12345678;01*Test!;12345678;;;Essential:OpenScape UC App;;;;
User;user.license.70;system;User 70;US/Central;US/Central;en_US;12345678;01*Test!;12345678;;;Essential:OpenScape UC App;;;;
User;user.license.71;system;User 71;US/Central;US/Central;en_US;12345678;01*Test!;12345678;;;Essential:OpenScape UC App;;;;
User;user.license.72;system;User 72;US/Central;US/Central;en_US;12345678;01*Test!;12345678;;;Essential:OpenScape UC App;;;;
User;user.license.73;system;User 73;US/Central;US/Central;en_US;12345678;01*Test!;12345678;;;Essential:OpenScape UC App;;;;
User;user.license.74;system;User 74;US/Central;US/Central;en_US;12345678;01*Test!;12345678;;;Essential:OpenScape UC App;;;;
User;user.license.75;system;User 75;US/Central;US/Central;en_US;12345678;01*Test!;12345678;;;Essential:OpenScape UC App;;;;
User;user.license.76;system;User 76;US/Central;US/Central;en_US;12345678;01*Test!;12345678;;;Essential:OpenScape UC App;;;;
User;user.license.77;system;User 77;US/Central;US/Central;en_US;12345678;01*Test!;12345678;;;Essential:OpenScape UC App;;;;
User;user.license.78;system;User 78;US/Central;US/Central;en_US;12345678;01*Test!;12345678;;;Essential:OpenScape UC App;;;;
User;user.license.79;system;User 79;US/Central;US/Central;en_US;12345678;01*Test!;12345678;;;Essential:OpenScape UC App;;;;
User;user.license.80;system;User 80;US/Central;US/Central;en_US;12345678;01*Test!;12345678;;;Essential:OpenScape UC App;;;;
User;user.license.81;system;User 81;US/Central;US/Central;en_US;12345678;01*Test!;12345678;;;Essential:OpenScape UC App;;;;
User;user.license.82;system;User 82;US/Central;US/Central;en_US;12345678;01*Test!;12345678;;;Essential:OpenScape UC App;;;;
User;user.license.83;system;User 83;US/Central;US/Central;en_US;12345678;01*Test!;12345678;;;Essential:OpenScape UC App;;;;
User;user.license.84;system;User 84;US/Central;US/Central;en_US;12345678;01*Test!;12345678;;;Essential:OpenScape UC App;;;;
User;user.license.85;system;User 85;US/Central;US/Central;en_US;12345678;01*Test!;12345678;;;Essential:OpenScape UC App;;;;
User;user.license.86;system;User 86;US/Central;US/Central;en_US;12345678;01*Test!;12345678;;;Essential:OpenScape UC App;;;;
User;user.license.87;system;User 87;US/Central;US/Central;en_US;12345678;01*Test!;12345678;;;Essential:OpenScape UC App;;;;
User;user.license.88;system;User 88;US/Central;US/Central;en_US;12345678;01*Test!;12345678;;;Essential:OpenScape UC App;;;;
User;user.license.89;system;User 89;US/Central;US/Central;en_US;12345678;01*Test!;12345678;;;Essential:OpenScape UC App;;;;
User;user.license.90;system;User 90;US/Central;US/Central;en_US;12345678;01*Test!;12345678;;;Essential:OpenScape UC App;;;;
User;user.license.91;system;User 91;US/Central;US/Central;en_US;12345678;01*Test!;12345678;;;Essential:OpenScape UC App;;;;
User;user.license.92;system;User 92;US/Central;US/Central;en_US;12345678;01*Test!;12345678;;;Essential:OpenScape UC App;;;;
User;user.license.93;system;User 93;US/Central;US/Central;en_US;12345678;01*Test!;12345678;;;Essential:OpenScape UC App;;;;
User;user.license.94;system;User 94;US/Central;US/Central;en_US;12345678;01*Test!;12345678;;;Essential:OpenScape UC App;;;;
User;user.license.95;system;User 95;US/Central;US/Central;en_US;12345678;01*Test!;12345678;;;Essential:OpenScape UC App;;;;
User;user.license.96;system;User 96;US/Central;US/Central;en_US;12345678;01*Test!;12345678;;;Essential:OpenScape UC App;;;;
User;user.license.97;system;User 97;US/Central;US/Central;en_US;12345678;01*Test!;12345678;;;Essential:OpenScape UC App;;;;
User;user.license.98;system;User 98;US/Central;US/Central;en_US;12345678;01*Test!;12345678;;;Essential:OpenScape UC App;;;;
User;user.license.99;system;User 99;US/Central;US/Central;en_US;12345678;01*Test!;12345678;;;Essential:OpenScape UC App;;;;
User;user.license.100;system;User 100;US/Central;US/Central;en_US;12345678;01*Test!;12345678;;;Essential:OpenScape UC App;;;;