Last Name;First Name;Personal Title;Primary Phone #;Fax #;Mail;User Account;Windows Domain;Windows Account;Cost Center;Pin Number-PIN Class;Organization;Org 1;Org 2;Org 3;Room;Building;Locality;Street;Postal Code;City;Country;Xpressions User ID;Cit;Company;Status;CDS-Key;User ID
HPUM1;HPUM1;;;;ioannis.chitiris@siemens.com;Account1;;;;;;;;;;;;;;;;;;;;;HPUM1
HPUM2;HPUM2;;;;ioannis.chitiris@siemens.com;Account2;;;;;;;;;;;;;;;;;;;;;HPUM2
HPUM3;HPUM3;;;;ioannis.chitiris@siemens.com;Account3;;;;;;;;;;;;;;;;;;;;;HPUM3
HPUM4;HPUM4;;;;ioannis.chitiris@siemens.com;Account4;;;;;;;;;;;;;;;;;;;;;HPUM4
HPUM5;HPUM5;;;;ioannis.chitiris@siemens.com;Account5;;;;;;;;;;;;;;;;;;;;;HPUM5
HPUM6;HPUM6;;;;ioannis.chitiris@siemens.com;Account6;;;;;;;;;;;;;;;;;;;;;HPUM6
HPUM7;HPUM7;;;;ioannis.chitiris@siemens.com;Account7;;;;;;;;;;;;;;;;;;;;;HPUM7
HPUM8;HPUM8;;;;ioannis.chitiris@siemens.com;Account8;;;;;;;;;;;;;;;;;;;;;HPUM8
HPUM9;HPUM9;;;;ioannis.chitiris@siemens.com;Account9;;;;;;;;;;;;;;;;;;;;;HPUM9
HPUM10;HPUM10;;;;ioannis.chitiris@siemens.com;Account10;;;;;;;;;;;;;;;;;;;;;HPUM10
HPUM11;HPUM11;;;;ioannis.chitiris@siemens.com;Account11;;;;;;;;;;;;;;;;;;;;;HPUM11
HPUM12;HPUM12;;;;ioannis.chitiris@siemens.com;Account12;;;;;;;;;;;;;;;;;;;;;HPUM12
