Last Name;First Name;Personal Title;Primary Phone #;Fax #;Mail;User Account;Windows Domain;Windows Account;Cost Center;Pin Number-PIN Class;Organization;Org 1;Org 2;Org 3;Room;Building;Locality;Street;Postal Code;City;Country;Xpressions User ID;Cit;Company;Status;CDS-Key;User ID
HPUM1;HPUM1;;;;ioannis.chitiris@siemens.com;Account1;;;;;;;;;;;;;;;;;;;;;HPUM1
HPUM2;HPUM2;;;;ioannis.chitiris@siemens.com;Account2;;;;;;;;;;;;;;;;;;;;;HPUM2
HPUM3;HPUM3;;;;ioannis.chitiris@siemens.com;Account3;;;;;;;;;;;;;;;;;;;;;HPUM3
HPUM4;HPUM4;;;;ioannis.chitiris@siemens.com;Account4;;;;;;;;;;;;;;;;;;;;;HPUM4
HPUM5;HPUM5;;;;ioannis.chitiris@siemens.com;Account5;;;;;;;;;;;;;;;;;;;;;HPUM5
HPUM6;HPUM6;;;;ioannis.chitiris@siemens.com;Account6;;;;;;;;;;;;;;;;;;;;;HPUM6
HPUM7;HPUM7;;;;ioannis.chitiris@siemens.com;Account7;;;;;;;;;;;;;;;;;;;;;HPUM7
HPUM8;HPUM8;;;;ioannis.chitiris@siemens.com;Account8;;;;;;;;;;;;;;;;;;;;;HPUM8
HPUM9;HPUM9;;;;ioannis.chitiris@siemens.com;Account9;;;;;;;;;;;;;;;;;;;;;HPUM9
HPUM10;HPUM10;;;;ioannis.chitiris@siemens.com;Account10;;;;;;;;;;;;;;;;;;;;;HPUM10
HPUM11;HPUM11;;;;ioannis.chitiris@siemens.com;Account11;;;;;;;;;;;;;;;;;;;;;HPUM11
HPUM12;HPUM12;;;;ioannis.chitiris@siemens.com;Account12;;;;;;;;;;;;;;;;;;;;;HPUM12
HPUM13;HPUM13;;;;;;;;;;;;;;;;;;;;;;;;;;HPUM13
HPUM14;HPUM14;;;;;;;;;;;;;;;;;;;;;;;;;;HPUM14
HPUM15;HPUM15;;;;;;;;;;;;;;;;;;;;;;;;;;HPUM15
HPUM16;HPUM16;;;;;;;;;;;;;;;;;;;;;;;;;;HPUM16
HPUM17;HPUM17;;;;;;;;;;;;;;;;;;;;;;;;;;HPUM17
HPUM18;HPUM18;;;;;;;;;;;;;;;;;;;;;;;;;;HPUM18
HPUM19;HPUM19;;;;;;;;;;;;;;;;;;;;;;;;;;HPUM19
HPUM20;HPUM20;;;;;;;;;;;;;;;;;;;;;;;;;;HPUM20
HPUM21;HPUM21;;;;;;;;;;;;;;;;;;;;;;;;;;HPUM21
HPUM22;HPUM22;;;;;;;;;;;;;;;;;;;;;;;;;;HPUM22
HPUM23;HPUM23;;;;;;;;;;;;;;;;;;;;;;;;;;HPUM23
HPUM24;HPUM24;;;;;;;;;;;;;;;;;;;;;;;;;;HPUM24
HPUM25;HPUM25;;;;;;;;;;;;;;;;;;;;;;;;;;HPUM25
HPUM26;HPUM26;;;;;;;;;;;;;;;;;;;;;;;;;;HPUM26
HPUM27;HPUM27;;;;;;;;;;;;;;;;;;;;;;;;;;HPUM27
HPUM28;HPUM28;;;;;;;;;;;;;;;;;;;;;;;;;;HPUM28
HPUM29;HPUM29;;;;;;;;;;;;;;;;;;;;;;;;;;HPUM29
HPUM30;HPUM30;;;;;;;;;;;;;;;;;;;;;;;;;;HPUM30
HPUM31;HPUM31;;;;;;;;;;;;;;;;;;;;;;;;;;HPUM31
HPUM32;HPUM32;;;;;;;;;;;;;;;;;;;;;;;;;;HPUM32
HPUM33;HPUM33;;;;;;;;;;;;;;;;;;;;;;;;;;HPUM33
HPUM34;HPUM34;;;;;;;;;;;;;;;;;;;;;;;;;;HPUM34
HPUM35;HPUM35;;;;;;;;;;;;;;;;;;;;;;;;;;HPUM35
HPUM36;HPUM36;;;;;;;;;;;;;;;;;;;;;;;;;;HPUM36
HPUM37;HPUM37;;;;;;;;;;;;;;;;;;;;;;;;;;HPUM37
HPUM38;HPUM38;;;;;;;;;;;;;;;;;;;;;;;;;;HPUM38
HPUM39;HPUM39;;;;;;;;;;;;;;;;;;;;;;;;;;HPUM39
HPUM40;HPUM40;;;;;;;;;;;;;;;;;;;;;;;;;;HPUM40
HPUM41;HPUM41;;;;;;;;;;;;;;;;;;;;;;;;;;HPUM41
HPUM42;HPUM42;;;;;;;;;;;;;;;;;;;;;;;;;;HPUM42
HPUM43;HPUM43;;;;;;;;;;;;;;;;;;;;;;;;;;HPUM43
HPUM44;HPUM44;;;;;;;;;;;;;;;;;;;;;;;;;;HPUM44
HPUM45;HPUM45;;;;;;;;;;;;;;;;;;;;;;;;;;HPUM45
HPUM46;HPUM46;;;;;;;;;;;;;;;;;;;;;;;;;;HPUM46
HPUM47;HPUM47;;;;;;;;;;;;;;;;;;;;;;;;;;HPUM47
HPUM48;HPUM48;;;;;;;;;;;;;;;;;;;;;;;;;;HPUM48
HPUM49;HPUM49;;;;;;;;;;;;;;;;;;;;;;;;;;HPUM49
HPUM50;HPUM50;;;;;;;;;;;;;;;;;;;;;;;;;;HPUM50
HPUM51;HPUM51;;;;;;;;;;;;;;;;;;;;;;;;;;HPUM51
HPUM52;HPUM52;;;;;;;;;;;;;;;;;;;;;;;;;;HPUM52
HPUM53;HPUM53;;;;;;;;;;;;;;;;;;;;;;;;;;HPUM53
HPUM54;HPUM54;;;;;;;;;;;;;;;;;;;;;;;;;;HPUM54
HPUM55;HPUM55;;;;;;;;;;;;;;;;;;;;;;;;;;HPUM55
HPUM56;HPUM56;;;;;;;;;;;;;;;;;;;;;;;;;;HPUM56
HPUM57;HPUM57;;;;;;;;;;;;;;;;;;;;;;;;;;HPUM57
HPUM58;HPUM58;;;;;;;;;;;;;;;;;;;;;;;;;;HPUM58
HPUM59;HPUM59;;;;;;;;;;;;;;;;;;;;;;;;;;HPUM59
HPUM60;HPUM60;;;;;;;;;;;;;;;;;;;;;;;;;;HPUM60
HPUM61;HPUM61;;;;;;;;;;;;;;;;;;;;;;;;;;HPUM61
HPUM62;HPUM62;;;;;;;;;;;;;;;;;;;;;;;;;;HPUM62
HPUM63;HPUM63;;;;;;;;;;;;;;;;;;;;;;;;;;HPUM63
HPUM64;HPUM64;;;;;;;;;;;;;;;;;;;;;;;;;;HPUM64
HPUM65;HPUM65;;;;;;;;;;;;;;;;;;;;;;;;;;HPUM65
HPUM66;HPUM66;;;;;;;;;;;;;;;;;;;;;;;;;;HPUM66
HPUM67;HPUM67;;;;;;;;;;;;;;;;;;;;;;;;;;HPUM67
HPUM68;HPUM68;;;;;;;;;;;;;;;;;;;;;;;;;;HPUM68
HPUM69;HPUM69;;;;;;;;;;;;;;;;;;;;;;;;;;HPUM69
HPUM70;HPUM70;;;;;;;;;;;;;;;;;;;;;;;;;;HPUM70
HPUM71;HPUM71;;;;;;;;;;;;;;;;;;;;;;;;;;HPUM71
HPUM72;HPUM72;;;;;;;;;;;;;;;;;;;;;;;;;;HPUM72
HPUM73;HPUM73;;;;;;;;;;;;;;;;;;;;;;;;;;HPUM73
HPUM74;HPUM74;;;;;;;;;;;;;;;;;;;;;;;;;;HPUM74
HPUM75;HPUM75;;;;;;;;;;;;;;;;;;;;;;;;;;HPUM75
HPUM76;HPUM76;;;;;;;;;;;;;;;;;;;;;;;;;;HPUM76
HPUM77;HPUM77;;;;;;;;;;;;;;;;;;;;;;;;;;HPUM77
HPUM78;HPUM78;;;;;;;;;;;;;;;;;;;;;;;;;;HPUM78
HPUM79;HPUM79;;;;;;;;;;;;;;;;;;;;;;;;;;HPUM79
HPUM80;HPUM80;;;;;;;;;;;;;;;;;;;;;;;;;;HPUM80
HPUM81;HPUM81;;;;;;;;;;;;;;;;;;;;;;;;;;HPUM81
HPUM82;HPUM82;;;;;;;;;;;;;;;;;;;;;;;;;;HPUM82
HPUM83;HPUM83;;;;;;;;;;;;;;;;;;;;;;;;;;HPUM83
HPUM84;HPUM84;;;;;;;;;;;;;;;;;;;;;;;;;;HPUM84
HPUM85;HPUM85;;;;;;;;;;;;;;;;;;;;;;;;;;HPUM85
HPUM86;HPUM86;;;;;;;;;;;;;;;;;;;;;;;;;;HPUM86
HPUM87;HPUM87;;;;;;;;;;;;;;;;;;;;;;;;;;HPUM87
HPUM88;HPUM88;;;;;;;;;;;;;;;;;;;;;;;;;;HPUM88
HPUM89;HPUM89;;;;;;;;;;;;;;;;;;;;;;;;;;HPUM89
HPUM90;HPUM90;;;;;;;;;;;;;;;;;;;;;;;;;;HPUM90
HPUM91;HPUM91;;;;;;;;;;;;;;;;;;;;;;;;;;HPUM91
HPUM92;HPUM92;;;;;;;;;;;;;;;;;;;;;;;;;;HPUM92
HPUM93;HPUM93;;;;;;;;;;;;;;;;;;;;;;;;;;HPUM93
HPUM94;HPUM94;;;;;;;;;;;;;;;;;;;;;;;;;;HPUM94
HPUM95;HPUM95;;;;;;;;;;;;;;;;;;;;;;;;;;HPUM95
HPUM96;HPUM96;;;;;;;;;;;;;;;;;;;;;;;;;;HPUM96
HPUM97;HPUM97;;;;;;;;;;;;;;;;;;;;;;;;;;HPUM97
HPUM98;HPUM98;;;;;;;;;;;;;;;;;;;;;;;;;;HPUM98
HPUM99;HPUM99;;;;;;;;;;;;;;;;;;;;;;;;;;HPUM99
HPUM100;HPUM100;;;;;;;;;;;;;;;;;;;;;;;;;;HPUM100
HPUM101;HPUM101;;;;;;;;;;;;;;;;;;;;;;;;;;HPUM101
HPUM102;HPUM102;;;;;;;;;;;;;;;;;;;;;;;;;;HPUM102
HPUM103;HPUM103;;;;;;;;;;;;;;;;;;;;;;;;;;HPUM103
HPUM104;HPUM104;;;;;;;;;;;;;;;;;;;;;;;;;;HPUM104
HPUM105;HPUM105;;;;;;;;;;;;;;;;;;;;;;;;;;HPUM105
HPUM106;HPUM106;;;;;;;;;;;;;;;;;;;;;;;;;;HPUM106
HPUM107;HPUM107;;;;;;;;;;;;;;;;;;;;;;;;;;HPUM107
HPUM108;HPUM108;;;;;;;;;;;;;;;;;;;;;;;;;;HPUM108
HPUM109;HPUM109;;;;;;;;;;;;;;;;;;;;;;;;;;HPUM109
HPUM110;HPUM110;;;;;;;;;;;;;;;;;;;;;;;;;;HPUM110
HPUM111;HPUM111;;;;;;;;;;;;;;;;;;;;;;;;;;HPUM111
HPUM112;HPUM112;;;;;;;;;;;;;;;;;;;;;;;;;;HPUM112
HPUM113;HPUM113;;;;;;;;;;;;;;;;;;;;;;;;;;HPUM113
HPUM114;HPUM114;;;;;;;;;;;;;;;;;;;;;;;;;;HPUM114
HPUM115;HPUM115;;;;;;;;;;;;;;;;;;;;;;;;;;HPUM115
HPUM116;HPUM116;;;;;;;;;;;;;;;;;;;;;;;;;;HPUM116
HPUM117;HPUM117;;;;;;;;;;;;;;;;;;;;;;;;;;HPUM117
HPUM118;HPUM118;;;;;;;;;;;;;;;;;;;;;;;;;;HPUM118
HPUM119;HPUM119;;;;;;;;;;;;;;;;;;;;;;;;;;HPUM119
HPUM120;HPUM120;;;;;;;;;;;;;;;;;;;;;;;;;;HPUM120
HPUM121;HPUM121;;;;;;;;;;;;;;;;;;;;;;;;;;HPUM121
HPUM122;HPUM122;;;;;;;;;;;;;;;;;;;;;;;;;;HPUM122
HPUM123;HPUM123;;;;;;;;;;;;;;;;;;;;;;;;;;HPUM123
HPUM124;HPUM124;;;;;;;;;;;;;;;;;;;;;;;;;;HPUM124
HPUM125;HPUM125;;;;;;;;;;;;;;;;;;;;;;;;;;HPUM125
HPUM126;HPUM126;;;;;;;;;;;;;;;;;;;;;;;;;;HPUM126
HPUM127;HPUM127;;;;;;;;;;;;;;;;;;;;;;;;;;HPUM127
HPUM128;HPUM128;;;;;;;;;;;;;;;;;;;;;;;;;;HPUM128
HPUM129;HPUM129;;;;;;;;;;;;;;;;;;;;;;;;;;HPUM129
HPUM130;HPUM130;;;;;;;;;;;;;;;;;;;;;;;;;;HPUM130
HPUM131;HPUM131;;;;;;;;;;;;;;;;;;;;;;;;;;HPUM131
HPUM132;HPUM132;;;;;;;;;;;;;;;;;;;;;;;;;;HPUM132
HPUM133;HPUM133;;;;;;;;;;;;;;;;;;;;;;;;;;HPUM133
HPUM134;HPUM134;;;;;;;;;;;;;;;;;;;;;;;;;;HPUM134
HPUM135;HPUM135;;;;;;;;;;;;;;;;;;;;;;;;;;HPUM135
HPUM136;HPUM136;;;;;;;;;;;;;;;;;;;;;;;;;;HPUM136
HPUM137;HPUM137;;;;;;;;;;;;;;;;;;;;;;;;;;HPUM137
HPUM138;HPUM138;;;;;;;;;;;;;;;;;;;;;;;;;;HPUM138
HPUM139;HPUM139;;;;;;;;;;;;;;;;;;;;;;;;;;HPUM139
HPUM140;HPUM140;;;;;;;;;;;;;;;;;;;;;;;;;;HPUM140
HPUM141;HPUM141;;;;;;;;;;;;;;;;;;;;;;;;;;HPUM141
HPUM142;HPUM142;;;;;;;;;;;;;;;;;;;;;;;;;;HPUM142
HPUM143;HPUM143;;;;;;;;;;;;;;;;;;;;;;;;;;HPUM143
HPUM144;HPUM144;;;;;;;;;;;;;;;;;;;;;;;;;;HPUM144
HPUM145;HPUM145;;;;;;;;;;;;;;;;;;;;;;;;;;HPUM145
HPUM146;HPUM146;;;;;;;;;;;;;;;;;;;;;;;;;;HPUM146
HPUM147;HPUM147;;;;;;;;;;;;;;;;;;;;;;;;;;HPUM147
HPUM148;HPUM148;;;;;;;;;;;;;;;;;;;;;;;;;;HPUM148
HPUM149;HPUM149;;;;;;;;;;;;;;;;;;;;;;;;;;HPUM149
HPUM150;HPUM150;;;;;;;;;;;;;;;;;;;;;;;;;;HPUM150
HPUM151;HPUM151;;;;;;;;;;;;;;;;;;;;;;;;;;HPUM151
HPUM152;HPUM152;;;;;;;;;;;;;;;;;;;;;;;;;;HPUM152
HPUM153;HPUM153;;;;;;;;;;;;;;;;;;;;;;;;;;HPUM153
HPUM154;HPUM154;;;;;;;;;;;;;;;;;;;;;;;;;;HPUM154
HPUM155;HPUM155;;;;;;;;;;;;;;;;;;;;;;;;;;HPUM155
HPUM156;HPUM156;;;;;;;;;;;;;;;;;;;;;;;;;;HPUM156
HPUM157;HPUM157;;;;;;;;;;;;;;;;;;;;;;;;;;HPUM157
HPUM158;HPUM158;;;;;;;;;;;;;;;;;;;;;;;;;;HPUM158
HPUM159;HPUM159;;;;;;;;;;;;;;;;;;;;;;;;;;HPUM159
HPUM160;HPUM160;;;;;;;;;;;;;;;;;;;;;;;;;;HPUM160
HPUM161;HPUM161;;;;;;;;;;;;;;;;;;;;;;;;;;HPUM161
HPUM162;HPUM162;;;;;;;;;;;;;;;;;;;;;;;;;;HPUM162
HPUM163;HPUM163;;;;;;;;;;;;;;;;;;;;;;;;;;HPUM163
HPUM164;HPUM164;;;;;;;;;;;;;;;;;;;;;;;;;;HPUM164
HPUM165;HPUM165;;;;;;;;;;;;;;;;;;;;;;;;;;HPUM165
HPUM166;HPUM166;;;;;;;;;;;;;;;;;;;;;;;;;;HPUM166
HPUM167;HPUM167;;;;;;;;;;;;;;;;;;;;;;;;;;HPUM167
HPUM168;HPUM168;;;;;;;;;;;;;;;;;;;;;;;;;;HPUM168
HPUM169;HPUM169;;;;;;;;;;;;;;;;;;;;;;;;;;HPUM169
HPUM170;HPUM170;;;;;;;;;;;;;;;;;;;;;;;;;;HPUM170
HPUM171;HPUM171;;;;;;;;;;;;;;;;;;;;;;;;;;HPUM171
HPUM172;HPUM172;;;;;;;;;;;;;;;;;;;;;;;;;;HPUM172
HPUM173;HPUM173;;;;;;;;;;;;;;;;;;;;;;;;;;HPUM173
HPUM174;HPUM174;;;;;;;;;;;;;;;;;;;;;;;;;;HPUM174
HPUM175;HPUM175;;;;;;;;;;;;;;;;;;;;;;;;;;HPUM175
HPUM176;HPUM176;;;;;;;;;;;;;;;;;;;;;;;;;;HPUM176
HPUM177;HPUM177;;;;;;;;;;;;;;;;;;;;;;;;;;HPUM177
HPUM178;HPUM178;;;;;;;;;;;;;;;;;;;;;;;;;;HPUM178
HPUM179;HPUM179;;;;;;;;;;;;;;;;;;;;;;;;;;HPUM179
HPUM180;HPUM180;;;;;;;;;;;;;;;;;;;;;;;;;;HPUM180
HPUM181;HPUM181;;;;;;;;;;;;;;;;;;;;;;;;;;HPUM181
HPUM182;HPUM182;;;;;;;;;;;;;;;;;;;;;;;;;;HPUM182
HPUM183;HPUM183;;;;;;;;;;;;;;;;;;;;;;;;;;HPUM183
HPUM184;HPUM184;;;;;;;;;;;;;;;;;;;;;;;;;;HPUM184
HPUM185;HPUM185;;;;;;;;;;;;;;;;;;;;;;;;;;HPUM185
HPUM186;HPUM186;;;;;;;;;;;;;;;;;;;;;;;;;;HPUM186
HPUM187;HPUM187;;;;;;;;;;;;;;;;;;;;;;;;;;HPUM187
HPUM188;HPUM188;;;;;;;;;;;;;;;;;;;;;;;;;;HPUM188
HPUM189;HPUM189;;;;;;;;;;;;;;;;;;;;;;;;;;HPUM189
HPUM190;HPUM190;;;;;;;;;;;;;;;;;;;;;;;;;;HPUM190
HPUM191;HPUM191;;;;;;;;;;;;;;;;;;;;;;;;;;HPUM191
HPUM192;HPUM192;;;;;;;;;;;;;;;;;;;;;;;;;;HPUM192
HPUM193;HPUM193;;;;;;;;;;;;;;;;;;;;;;;;;;HPUM193
HPUM194;HPUM194;;;;;;;;;;;;;;;;;;;;;;;;;;HPUM194
HPUM195;HPUM195;;;;;;;;;;;;;;;;;;;;;;;;;;HPUM195
HPUM196;HPUM196;;;;;;;;;;;;;;;;;;;;;;;;;;HPUM196
HPUM197;HPUM197;;;;;;;;;;;;;;;;;;;;;;;;;;HPUM197
HPUM198;HPUM198;;;;;;;;;;;;;;;;;;;;;;;;;;HPUM198
HPUM199;HPUM199;;;;;;;;;;;;;;;;;;;;;;;;;;HPUM199
HPUM200;HPUM200;;;;;;;;;;;;;;;;;;;;;;;;;;HPUM200
HPUM201;HPUM201;;;;;;;;;;;;;;;;;;;;;;;;;;HPUM201
HPUM202;HPUM202;;;;;;;;;;;;;;;;;;;;;;;;;;HPUM202
HPUM203;HPUM203;;;;;;;;;;;;;;;;;;;;;;;;;;HPUM203
HPUM204;HPUM204;;;;;;;;;;;;;;;;;;;;;;;;;;HPUM204
HPUM205;HPUM205;;;;;;;;;;;;;;;;;;;;;;;;;;HPUM205
HPUM206;HPUM206;;;;;;;;;;;;;;;;;;;;;;;;;;HPUM206
HPUM207;HPUM207;;;;;;;;;;;;;;;;;;;;;;;;;;HPUM207
HPUM208;HPUM208;;;;;;;;;;;;;;;;;;;;;;;;;;HPUM208
HPUM209;HPUM209;;;;;;;;;;;;;;;;;;;;;;;;;;HPUM209
HPUM210;HPUM210;;;;;;;;;;;;;;;;;;;;;;;;;;HPUM210
HPUM211;HPUM211;;;;;;;;;;;;;;;;;;;;;;;;;;HPUM211
HPUM212;HPUM212;;;;;;;;;;;;;;;;;;;;;;;;;;HPUM212
HPUM213;HPUM213;;;;;;;;;;;;;;;;;;;;;;;;;;HPUM213
HPUM214;HPUM214;;;;;;;;;;;;;;;;;;;;;;;;;;HPUM214
HPUM215;HPUM215;;;;;;;;;;;;;;;;;;;;;;;;;;HPUM215
HPUM216;HPUM216;;;;;;;;;;;;;;;;;;;;;;;;;;HPUM216
HPUM217;HPUM217;;;;;;;;;;;;;;;;;;;;;;;;;;HPUM217
HPUM218;HPUM218;;;;;;;;;;;;;;;;;;;;;;;;;;HPUM218
HPUM219;HPUM219;;;;;;;;;;;;;;;;;;;;;;;;;;HPUM219
HPUM220;HPUM220;;;;;;;;;;;;;;;;;;;;;;;;;;HPUM220
HPUM221;HPUM221;;;;;;;;;;;;;;;;;;;;;;;;;;HPUM221
HPUM222;HPUM222;;;;;;;;;;;;;;;;;;;;;;;;;;HPUM222
HPUM223;HPUM223;;;;;;;;;;;;;;;;;;;;;;;;;;HPUM223
HPUM224;HPUM224;;;;;;;;;;;;;;;;;;;;;;;;;;HPUM224
HPUM225;HPUM225;;;;;;;;;;;;;;;;;;;;;;;;;;HPUM225
HPUM226;HPUM226;;;;;;;;;;;;;;;;;;;;;;;;;;HPUM226
HPUM227;HPUM227;;;;;;;;;;;;;;;;;;;;;;;;;;HPUM227
HPUM228;HPUM228;;;;;;;;;;;;;;;;;;;;;;;;;;HPUM228
HPUM229;HPUM229;;;;;;;;;;;;;;;;;;;;;;;;;;HPUM229
HPUM230;HPUM230;;;;;;;;;;;;;;;;;;;;;;;;;;HPUM230
HPUM231;HPUM231;;;;;;;;;;;;;;;;;;;;;;;;;;HPUM231
HPUM232;HPUM232;;;;;;;;;;;;;;;;;;;;;;;;;;HPUM232
HPUM233;HPUM233;;;;;;;;;;;;;;;;;;;;;;;;;;HPUM233
HPUM234;HPUM234;;;;;;;;;;;;;;;;;;;;;;;;;;HPUM234
HPUM235;HPUM235;;;;;;;;;;;;;;;;;;;;;;;;;;HPUM235
HPUM236;HPUM236;;;;;;;;;;;;;;;;;;;;;;;;;;HPUM236
HPUM237;HPUM237;;;;;;;;;;;;;;;;;;;;;;;;;;HPUM237
HPUM238;HPUM238;;;;;;;;;;;;;;;;;;;;;;;;;;HPUM238
HPUM239;HPUM239;;;;;;;;;;;;;;;;;;;;;;;;;;HPUM239
HPUM240;HPUM240;;;;;;;;;;;;;;;;;;;;;;;;;;HPUM240
HPUM241;HPUM241;;;;;;;;;;;;;;;;;;;;;;;;;;HPUM241
HPUM242;HPUM242;;;;;;;;;;;;;;;;;;;;;;;;;;HPUM242
HPUM243;HPUM243;;;;;;;;;;;;;;;;;;;;;;;;;;HPUM243
HPUM244;HPUM244;;;;;;;;;;;;;;;;;;;;;;;;;;HPUM244
HPUM245;HPUM245;;;;;;;;;;;;;;;;;;;;;;;;;;HPUM245
HPUM246;HPUM246;;;;;;;;;;;;;;;;;;;;;;;;;;HPUM246
HPUM247;HPUM247;;;;;;;;;;;;;;;;;;;;;;;;;;HPUM247
HPUM248;HPUM248;;;;;;;;;;;;;;;;;;;;;;;;;;HPUM248
HPUM249;HPUM249;;;;;;;;;;;;;;;;;;;;;;;;;;HPUM249
HPUM250;HPUM250;;;;;;;;;;;;;;;;;;;;;;;;;;HPUM250
HPUM251;HPUM251;;;;;;;;;;;;;;;;;;;;;;;;;;HPUM251
HPUM252;HPUM252;;;;;;;;;;;;;;;;;;;;;;;;;;HPUM252
HPUM253;HPUM253;;;;;;;;;;;;;;;;;;;;;;;;;;HPUM253
HPUM254;HPUM254;;;;;;;;;;;;;;;;;;;;;;;;;;HPUM254
HPUM255;HPUM255;;;;;;;;;;;;;;;;;;;;;;;;;;HPUM255
HPUM256;HPUM256;;;;;;;;;;;;;;;;;;;;;;;;;;HPUM256
HPUM257;HPUM257;;;;;;;;;;;;;;;;;;;;;;;;;;HPUM257
HPUM258;HPUM258;;;;;;;;;;;;;;;;;;;;;;;;;;HPUM258
HPUM259;HPUM259;;;;;;;;;;;;;;;;;;;;;;;;;;HPUM259
HPUM260;HPUM260;;;;;;;;;;;;;;;;;;;;;;;;;;HPUM260
HPUM261;HPUM261;;;;;;;;;;;;;;;;;;;;;;;;;;HPUM261
HPUM262;HPUM262;;;;;;;;;;;;;;;;;;;;;;;;;;HPUM262
HPUM263;HPUM263;;;;;;;;;;;;;;;;;;;;;;;;;;HPUM263
HPUM264;HPUM264;;;;;;;;;;;;;;;;;;;;;;;;;;HPUM264
HPUM265;HPUM265;;;;;;;;;;;;;;;;;;;;;;;;;;HPUM265
HPUM266;HPUM266;;;;;;;;;;;;;;;;;;;;;;;;;;HPUM266
HPUM267;HPUM267;;;;;;;;;;;;;;;;;;;;;;;;;;HPUM267
HPUM268;HPUM268;;;;;;;;;;;;;;;;;;;;;;;;;;HPUM268
HPUM269;HPUM269;;;;;;;;;;;;;;;;;;;;;;;;;;HPUM269
HPUM270;HPUM270;;;;;;;;;;;;;;;;;;;;;;;;;;HPUM270
HPUM271;HPUM271;;;;;;;;;;;;;;;;;;;;;;;;;;HPUM271
HPUM272;HPUM272;;;;;;;;;;;;;;;;;;;;;;;;;;HPUM272
HPUM273;HPUM273;;;;;;;;;;;;;;;;;;;;;;;;;;HPUM273
HPUM274;HPUM274;;;;;;;;;;;;;;;;;;;;;;;;;;HPUM274
HPUM275;HPUM275;;;;;;;;;;;;;;;;;;;;;;;;;;HPUM275
HPUM276;HPUM276;;;;;;;;;;;;;;;;;;;;;;;;;;HPUM276
HPUM277;HPUM277;;;;;;;;;;;;;;;;;;;;;;;;;;HPUM277
HPUM278;HPUM278;;;;;;;;;;;;;;;;;;;;;;;;;;HPUM278
HPUM279;HPUM279;;;;;;;;;;;;;;;;;;;;;;;;;;HPUM279
HPUM280;HPUM280;;;;;;;;;;;;;;;;;;;;;;;;;;HPUM280
HPUM281;HPUM281;;;;;;;;;;;;;;;;;;;;;;;;;;HPUM281
HPUM282;HPUM282;;;;;;;;;;;;;;;;;;;;;;;;;;HPUM282
HPUM283;HPUM283;;;;;;;;;;;;;;;;;;;;;;;;;;HPUM283
HPUM284;HPUM284;;;;;;;;;;;;;;;;;;;;;;;;;;HPUM284
HPUM285;HPUM285;;;;;;;;;;;;;;;;;;;;;;;;;;HPUM285
HPUM286;HPUM286;;;;;;;;;;;;;;;;;;;;;;;;;;HPUM286
HPUM287;HPUM287;;;;;;;;;;;;;;;;;;;;;;;;;;HPUM287
HPUM288;HPUM288;;;;;;;;;;;;;;;;;;;;;;;;;;HPUM288
HPUM289;HPUM289;;;;;;;;;;;;;;;;;;;;;;;;;;HPUM289
HPUM290;HPUM290;;;;;;;;;;;;;;;;;;;;;;;;;;HPUM290
HPUM291;HPUM291;;;;;;;;;;;;;;;;;;;;;;;;;;HPUM291
HPUM292;HPUM292;;;;;;;;;;;;;;;;;;;;;;;;;;HPUM292
HPUM293;HPUM293;;;;;;;;;;;;;;;;;;;;;;;;;;HPUM293
HPUM294;HPUM294;;;;;;;;;;;;;;;;;;;;;;;;;;HPUM294
HPUM295;HPUM295;;;;;;;;;;;;;;;;;;;;;;;;;;HPUM295
HPUM296;HPUM296;;;;;;;;;;;;;;;;;;;;;;;;;;HPUM296
HPUM297;HPUM297;;;;;;;;;;;;;;;;;;;;;;;;;;HPUM297
HPUM298;HPUM298;;;;;;;;;;;;;;;;;;;;;;;;;;HPUM298
HPUM299;HPUM299;;;;;;;;;;;;;;;;;;;;;;;;;;HPUM299
HPUM300;HPUM300;;;;;;;;;;;;;;;;;;;;;;;;;;HPUM300
HPUM301;HPUM301;;;;;;;;;;;;;;;;;;;;;;;;;;HPUM301
HPUM302;HPUM302;;;;;;;;;;;;;;;;;;;;;;;;;;HPUM302
HPUM303;HPUM303;;;;;;;;;;;;;;;;;;;;;;;;;;HPUM303
HPUM304;HPUM304;;;;;;;;;;;;;;;;;;;;;;;;;;HPUM304
HPUM305;HPUM305;;;;;;;;;;;;;;;;;;;;;;;;;;HPUM305
HPUM306;HPUM306;;;;;;;;;;;;;;;;;;;;;;;;;;HPUM306
HPUM307;HPUM307;;;;;;;;;;;;;;;;;;;;;;;;;;HPUM307
HPUM308;HPUM308;;;;;;;;;;;;;;;;;;;;;;;;;;HPUM308
HPUM309;HPUM309;;;;;;;;;;;;;;;;;;;;;;;;;;HPUM309
HPUM310;HPUM310;;;;;;;;;;;;;;;;;;;;;;;;;;HPUM310
HPUM311;HPUM311;;;;;;;;;;;;;;;;;;;;;;;;;;HPUM311
HPUM312;HPUM312;;;;;;;;;;;;;;;;;;;;;;;;;;HPUM312
HPUM313;HPUM313;;;;;;;;;;;;;;;;;;;;;;;;;;HPUM313
HPUM314;HPUM314;;;;;;;;;;;;;;;;;;;;;;;;;;HPUM314
HPUM315;HPUM315;;;;;;;;;;;;;;;;;;;;;;;;;;HPUM315
HPUM316;HPUM316;;;;;;;;;;;;;;;;;;;;;;;;;;HPUM316
HPUM317;HPUM317;;;;;;;;;;;;;;;;;;;;;;;;;;HPUM317
HPUM318;HPUM318;;;;;;;;;;;;;;;;;;;;;;;;;;HPUM318
HPUM319;HPUM319;;;;;;;;;;;;;;;;;;;;;;;;;;HPUM319
HPUM320;HPUM320;;;;;;;;;;;;;;;;;;;;;;;;;;HPUM320
HPUM321;HPUM321;;;;;;;;;;;;;;;;;;;;;;;;;;HPUM321
HPUM322;HPUM322;;;;;;;;;;;;;;;;;;;;;;;;;;HPUM322
HPUM323;HPUM323;;;;;;;;;;;;;;;;;;;;;;;;;;HPUM323
HPUM324;HPUM324;;;;;;;;;;;;;;;;;;;;;;;;;;HPUM324
HPUM325;HPUM325;;;;;;;;;;;;;;;;;;;;;;;;;;HPUM325
HPUM326;HPUM326;;;;;;;;;;;;;;;;;;;;;;;;;;HPUM326
HPUM327;HPUM327;;;;;;;;;;;;;;;;;;;;;;;;;;HPUM327
HPUM328;HPUM328;;;;;;;;;;;;;;;;;;;;;;;;;;HPUM328
HPUM329;HPUM329;;;;;;;;;;;;;;;;;;;;;;;;;;HPUM329
HPUM330;HPUM330;;;;;;;;;;;;;;;;;;;;;;;;;;HPUM330
HPUM331;HPUM331;;;;;;;;;;;;;;;;;;;;;;;;;;HPUM331
HPUM332;HPUM332;;;;;;;;;;;;;;;;;;;;;;;;;;HPUM332
HPUM333;HPUM333;;;;;;;;;;;;;;;;;;;;;;;;;;HPUM333
HPUM334;HPUM334;;;;;;;;;;;;;;;;;;;;;;;;;;HPUM334
HPUM335;HPUM335;;;;;;;;;;;;;;;;;;;;;;;;;;HPUM335
HPUM336;HPUM336;;;;;;;;;;;;;;;;;;;;;;;;;;HPUM336
HPUM337;HPUM337;;;;;;;;;;;;;;;;;;;;;;;;;;HPUM337
HPUM338;HPUM338;;;;;;;;;;;;;;;;;;;;;;;;;;HPUM338
HPUM339;HPUM339;;;;;;;;;;;;;;;;;;;;;;;;;;HPUM339
HPUM340;HPUM340;;;;;;;;;;;;;;;;;;;;;;;;;;HPUM340
HPUM341;HPUM341;;;;;;;;;;;;;;;;;;;;;;;;;;HPUM341
HPUM342;HPUM342;;;;;;;;;;;;;;;;;;;;;;;;;;HPUM342
HPUM343;HPUM343;;;;;;;;;;;;;;;;;;;;;;;;;;HPUM343
HPUM344;HPUM344;;;;;;;;;;;;;;;;;;;;;;;;;;HPUM344
HPUM345;HPUM345;;;;;;;;;;;;;;;;;;;;;;;;;;HPUM345
HPUM346;HPUM346;;;;;;;;;;;;;;;;;;;;;;;;;;HPUM346
HPUM347;HPUM347;;;;;;;;;;;;;;;;;;;;;;;;;;HPUM347
HPUM348;HPUM348;;;;;;;;;;;;;;;;;;;;;;;;;;HPUM348
HPUM349;HPUM349;;;;;;;;;;;;;;;;;;;;;;;;;;HPUM349
HPUM350;HPUM350;;;;;;;;;;;;;;;;;;;;;;;;;;HPUM350
HPUM351;HPUM351;;;;;;;;;;;;;;;;;;;;;;;;;;HPUM351
HPUM352;HPUM352;;;;;;;;;;;;;;;;;;;;;;;;;;HPUM352
HPUM353;HPUM353;;;;;;;;;;;;;;;;;;;;;;;;;;HPUM353
HPUM354;HPUM354;;;;;;;;;;;;;;;;;;;;;;;;;;HPUM354
HPUM355;HPUM355;;;;;;;;;;;;;;;;;;;;;;;;;;HPUM355
HPUM356;HPUM356;;;;;;;;;;;;;;;;;;;;;;;;;;HPUM356
HPUM357;HPUM357;;;;;;;;;;;;;;;;;;;;;;;;;;HPUM357
HPUM358;HPUM358;;;;;;;;;;;;;;;;;;;;;;;;;;HPUM358
HPUM359;HPUM359;;;;;;;;;;;;;;;;;;;;;;;;;;HPUM359
HPUM360;HPUM360;;;;;;;;;;;;;;;;;;;;;;;;;;HPUM360
HPUM361;HPUM361;;;;;;;;;;;;;;;;;;;;;;;;;;HPUM361
HPUM362;HPUM362;;;;;;;;;;;;;;;;;;;;;;;;;;HPUM362
HPUM363;HPUM363;;;;;;;;;;;;;;;;;;;;;;;;;;HPUM363
HPUM364;HPUM364;;;;;;;;;;;;;;;;;;;;;;;;;;HPUM364
HPUM365;HPUM365;;;;;;;;;;;;;;;;;;;;;;;;;;HPUM365
HPUM366;HPUM366;;;;;;;;;;;;;;;;;;;;;;;;;;HPUM366
HPUM367;HPUM367;;;;;;;;;;;;;;;;;;;;;;;;;;HPUM367
HPUM368;HPUM368;;;;;;;;;;;;;;;;;;;;;;;;;;HPUM368
HPUM369;HPUM369;;;;;;;;;;;;;;;;;;;;;;;;;;HPUM369
HPUM370;HPUM370;;;;;;;;;;;;;;;;;;;;;;;;;;HPUM370
HPUM371;HPUM371;;;;;;;;;;;;;;;;;;;;;;;;;;HPUM371
HPUM372;HPUM372;;;;;;;;;;;;;;;;;;;;;;;;;;HPUM372
HPUM373;HPUM373;;;;;;;;;;;;;;;;;;;;;;;;;;HPUM373
HPUM374;HPUM374;;;;;;;;;;;;;;;;;;;;;;;;;;HPUM374
HPUM375;HPUM375;;;;;;;;;;;;;;;;;;;;;;;;;;HPUM375
HPUM376;HPUM376;;;;;;;;;;;;;;;;;;;;;;;;;;HPUM376
HPUM377;HPUM377;;;;;;;;;;;;;;;;;;;;;;;;;;HPUM377
HPUM378;HPUM378;;;;;;;;;;;;;;;;;;;;;;;;;;HPUM378
HPUM379;HPUM379;;;;;;;;;;;;;;;;;;;;;;;;;;HPUM379
HPUM380;HPUM380;;;;;;;;;;;;;;;;;;;;;;;;;;HPUM380
HPUM381;HPUM381;;;;;;;;;;;;;;;;;;;;;;;;;;HPUM381
HPUM382;HPUM382;;;;;;;;;;;;;;;;;;;;;;;;;;HPUM382
HPUM383;HPUM383;;;;;;;;;;;;;;;;;;;;;;;;;;HPUM383
HPUM384;HPUM384;;;;;;;;;;;;;;;;;;;;;;;;;;HPUM384
HPUM385;HPUM385;;;;;;;;;;;;;;;;;;;;;;;;;;HPUM385
HPUM386;HPUM386;;;;;;;;;;;;;;;;;;;;;;;;;;HPUM386
HPUM387;HPUM387;;;;;;;;;;;;;;;;;;;;;;;;;;HPUM387
HPUM388;HPUM388;;;;;;;;;;;;;;;;;;;;;;;;;;HPUM388
HPUM389;HPUM389;;;;;;;;;;;;;;;;;;;;;;;;;;HPUM389
HPUM390;HPUM390;;;;;;;;;;;;;;;;;;;;;;;;;;HPUM390
HPUM391;HPUM391;;;;;;;;;;;;;;;;;;;;;;;;;;HPUM391
HPUM392;HPUM392;;;;;;;;;;;;;;;;;;;;;;;;;;HPUM392
HPUM393;HPUM393;;;;;;;;;;;;;;;;;;;;;;;;;;HPUM393
HPUM394;HPUM394;;;;;;;;;;;;;;;;;;;;;;;;;;HPUM394
HPUM395;HPUM395;;;;;;;;;;;;;;;;;;;;;;;;;;HPUM395
HPUM396;HPUM396;;;;;;;;;;;;;;;;;;;;;;;;;;HPUM396
HPUM397;HPUM397;;;;;;;;;;;;;;;;;;;;;;;;;;HPUM397
HPUM398;HPUM398;;;;;;;;;;;;;;;;;;;;;;;;;;HPUM398
HPUM399;HPUM399;;;;;;;;;;;;;;;;;;;;;;;;;;HPUM399
HPUM400;HPUM400;;;;;;;;;;;;;;;;;;;;;;;;;;HPUM400
