Last Name;First Name;Personal Title;Primary Phone #;Fax #;Mail;User Account;Windows Domain;Windows Account;Cost Center;Pin Number-PIN Class;Organization;Org 1;Org 2;Org 3;Room;Building;Locality;Street;Postal Code;City;Country;Xpressions User ID;Cit;Company;Status;CDS-Key;User ID
georgia_last1;georgia_first1;;;;;georgia_login1;;;;;;;;;;;test_locality;;;;;;;;;;georgia_login1
georgia_last2;georgia_first2;;;;;georgia_login2;;;;;;;;;;;test_locality;;;;;;;;;;georgia_login2
georgia_last3;georgia_first3;;;;;georgia_login3;;;;;;;;;;;test_locality;;;;;;;;;;georgia_login3
georgia_last4;georgia_first4;;;;;georgia_login4;;;;;;;;;;;test_locality;;;;;;;;;;georgia_login4
georgia_last5;georgia_first5;;;;;georgia_login5;;;;;;;;;;;test_locality;;;;;;;;;;georgia_login5
georgia_last6;georgia_first6;;;;;georgia_login6;;;;;;;;;;;test_locality;;;;;;;;;;georgia_login6
georgia_last7;georgia_first7;;;;;georgia_login7;;;;;;;;;;;test_locality;;;;;;;;;;georgia_login7
georgia_last8;georgia_first8;;;;;georgia_login8;;;;;;;;;;;test_locality;;;;;;;;;;georgia_login8
georgia_last9;georgia_first9;;;;;georgia_login9;;;;;;;;;;;test_locality;;;;;;;;;;georgia_login9
georgia_last10;georgia_first10;;;;;georgia_login10;;;;;;;;;;;test_locality;;;;;;;;;;georgia_login10
georgia_last11;georgia_first11;;;;;georgia_login11;;;;;;;;;;;test_locality;;;;;;;;;;georgia_login11
georgia_last12;georgia_first12;;;;;georgia_login12;;;;;;;;;;;test_locality;;;;;;;;;;georgia_login12
georgia_last13;georgia_first13;;;;;georgia_login13;;;;;;;;;;;test_locality;;;;;;;;;;georgia_login13
georgia_last14;georgia_first14;;;;;georgia_login14;;;;;;;;;;;test_locality;;;;;;;;;;georgia_login14
georgia_last15;georgia_first15;;;;;georgia_login15;;;;;;;;;;;test_locality;;;;;;;;;;georgia_login15
georgia_last16;georgia_first16;;;;;georgia_login16;;;;;;;;;;;test_locality;;;;;;;;;;georgia_login16
georgia_last17;georgia_first17;;;;;georgia_login17;;;;;;;;;;;test_locality;;;;;;;;;;georgia_login17
georgia_last18;georgia_first18;;;;;georgia_login18;;;;;;;;;;;test_locality;;;;;;;;;;georgia_login18
georgia_last19;georgia_first19;;;;;georgia_login19;;;;;;;;;;;test_locality;;;;;;;;;;georgia_login19
georgia_last20;georgia_first20;;;;;georgia_login20;;;;;;;;;;;test_locality;;;;;;;;;;georgia_login20
georgia_last21;georgia_first21;;;;;georgia_login21;;;;;;;;;;;test_locality;;;;;;;;;;georgia_login21
georgia_last22;georgia_first22;;;;;georgia_login22;;;;;;;;;;;test_locality;;;;;;;;;;georgia_login22
georgia_last23;georgia_first23;;;;;georgia_login23;;;;;;;;;;;test_locality;;;;;;;;;;georgia_login23
georgia_last24;georgia_first24;;;;;georgia_login24;;;;;;;;;;;test_locality;;;;;;;;;;georgia_login24
georgia_last25;georgia_first25;;;;;georgia_login25;;;;;;;;;;;test_locality;;;;;;;;;;georgia_login25
georgia_last26;georgia_first26;;;;;georgia_login26;;;;;;;;;;;test_locality;;;;;;;;;;georgia_login26
georgia_last27;georgia_first27;;;;;georgia_login27;;;;;;;;;;;test_locality;;;;;;;;;;georgia_login27
georgia_last28;georgia_first28;;;;;georgia_login28;;;;;;;;;;;test_locality;;;;;;;;;;georgia_login28
georgia_last29;georgia_first29;;;;;georgia_login29;;;;;;;;;;;test_locality;;;;;;;;;;georgia_login29
georgia_last30;georgia_first30;;;;;georgia_login30;;;;;;;;;;;test_locality;;;;;;;;;;georgia_login30
georgia_last31;georgia_first31;;;;;georgia_login31;;;;;;;;;;;test_locality;;;;;;;;;;georgia_login31
georgia_last32;georgia_first32;;;;;georgia_login32;;;;;;;;;;;test_locality;;;;;;;;;;georgia_login32
georgia_last33;georgia_first33;;;;;georgia_login33;;;;;;;;;;;test_locality;;;;;;;;;;georgia_login33
georgia_last34;georgia_first34;;;;;georgia_login34;;;;;;;;;;;test_locality;;;;;;;;;;georgia_login34
georgia_last35;georgia_first35;;;;;georgia_login35;;;;;;;;;;;test_locality;;;;;;;;;;georgia_login35
georgia_last36;georgia_first36;;;;;georgia_login36;;;;;;;;;;;test_locality;;;;;;;;;;georgia_login36
georgia_last37;georgia_first37;;;;;georgia_login37;;;;;;;;;;;test_locality;;;;;;;;;;georgia_login37
georgia_last38;georgia_first38;;;;;georgia_login38;;;;;;;;;;;test_locality;;;;;;;;;;georgia_login38
georgia_last39;georgia_first39;;;;;georgia_login39;;;;;;;;;;;test_locality;;;;;;;;;;georgia_login39
georgia_last40;georgia_first40;;;;;georgia_login40;;;;;;;;;;;test_locality;;;;;;;;;;georgia_login40
georgia_last41;georgia_first41;;;;;georgia_login41;;;;;;;;;;;test_locality;;;;;;;;;;georgia_login41
georgia_last42;georgia_first42;;;;;georgia_login42;;;;;;;;;;;test_locality;;;;;;;;;;georgia_login42
georgia_last43;georgia_first43;;;;;georgia_login43;;;;;;;;;;;test_locality;;;;;;;;;;georgia_login43
georgia_last44;georgia_first44;;;;;georgia_login44;;;;;;;;;;;test_locality;;;;;;;;;;georgia_login44
georgia_last45;georgia_first45;;;;;georgia_login45;;;;;;;;;;;test_locality;;;;;;;;;;georgia_login45
georgia_last46;georgia_first46;;;;;georgia_login46;;;;;;;;;;;test_locality;;;;;;;;;;georgia_login46
georgia_last47;georgia_first47;;;;;georgia_login47;;;;;;;;;;;test_locality;;;;;;;;;;georgia_login47
georgia_last48;georgia_first48;;;;;georgia_login48;;;;;;;;;;;test_locality;;;;;;;;;;georgia_login48
georgia_last49;georgia_first49;;;;;georgia_login49;;;;;;;;;;;test_locality;;;;;;;;;;georgia_login49
georgia_last50;georgia_first50;;;;;georgia_login50;;;;;;;;;;;test_locality;;;;;;;;;;georgia_login50
