Last Name;First Name;Personal Title;Primary Phone #;Fax #;Mail;User Account;Windows Domain;Windows Account;Cost Center;Pin Number-PIN Class;Organization;Org 1;Org 2;Org 3;Room;Building;Locality;Street;Postal Code;City;Country;Xpressions User ID;Cit;Company;Status;CDS-Key;User ID
ToDeleteLast01;ToDeleteFirst01;;+302108187180;;;ToDeleteAccount01;;;;;;;;;;;;;;;;;;;;;ToDeleteID01
ToDeleteLast02;ToDeleteFirst02;;+302108187181;;;ToDeleteAccount02;;;;;;;;;;;;;;;;;;;;;ToDeleteID02
ToDeleteLast03;ToDeleteFirst03;;+302108187182;;;ToDeleteAccount03;;;;;;;;;;;;;;;;;;;;;ToDeleteID03
ToDeleteLast04;ToDeleteFirst04;;+302108187183;;;ToDeleteAccount04;;;;;;;;;;;;;;;;;;;;;ToDeleteID04
ToDeleteLast05;ToDeleteFirst05;;+302108187184;;;ToDeleteAccount05;;;;;;;;;;;;;;;;;;;;;ToDeleteID05
