<filelist>
 <file>
                <filename>dummy_1.exe</filename>
                 <title>Dummy exe file 1</title>
                 <description>exe</description>
         <version>old</version>
 </file>
  <file>
                <filename>dummy_2.exe</filename>
                 <title>Dummy exe file 2</title>
                 <description>zip</description>
         <version>new</version>
 </file>
   <file>
                <filename>dummy_3.exe</filename>
                 <title>Dummy exe file 3</title>
                 <description>rar</description>
         <version>final</version>
 </file>
</filelist>
