<?xml version="1.0"?>
<!-- ************************************************************************
		To switch off completely the feature that checks the
		used space for every partition and generates alarms,
		the 'default' partition must be set as shown below:
	<Partition>
		<Name>default</Name>
		<UsedSpacePercentageMinorAlarm>0</UsedSpacePercentageMinorAlarm>
		<UsedSpacePercentageMajorAlarm>0</UsedSpacePercentageMajorAlarm>
	</Partition>
     ************************************************************************ -->
<!-- ************************************************************************
		To define different alarm levels than the default ones
		for a particular partition (e.g. /dev/sda2), the
		following entry should be added:
	<Partition>
		<Name>/dev/sda2</Name>
		<UsedSpacePercentageMinorAlarm>60</UsedSpacePercentageMinorAlarm>
		<UsedSpacePercentageMajorAlarm>75</UsedSpacePercentageMajorAlarm>
	</Partition>
     ************************************************************************ -->
<!-- ************************************************************************
		To exclude a particular partition (e.g. /dev/sda3)
		from the check for used space and the generation of
		alarms, the following entry should be added:
	<Partition>
		<Name>/dev/sda3</Name>
		<UsedSpacePercentageMinorAlarm>0</UsedSpacePercentageMinorAlarm>
		<UsedSpacePercentageMajorAlarm>0</UsedSpacePercentageMajorAlarm>
	</Partition>
     ************************************************************************ -->
<Partitions>
	<Partition>
		<Name>default</Name>
		<UsedSpacePercentageMinorAlarm>80a</UsedSpacePercentageMinorAlarm>
		<UsedSpacePercentageMajorAlarm>95</UsedSpacePercentageMajorAlarm>
	</Partition>
</Partitions>
