<?xml version="1.0"?>
<!-- ****************************************************
	To switch off completely the feature that checks the
	database file size and generates alarms, the file size  
	minor and major alarms must be set as shown below:
	<DatabaseFile>
		<FileSizeMinorAlarm>0</FileSizeMinorAlarm>
		<FileSizeMajorAlarm>0</FileSizeMajorAlarm>
	</DatabaseFile>
     **************************************************** -->
<!-- ****************************************************
             !!! File Size Must Be in MBytes !!!       
     **************************************************** -->
<Database>
	<DatabaseFile>
		<FileSizeMinorAlarm>80000</FileSizeMinorAlarm>
		<FileSizeMajorAlarm>10</FileSizeMajorAlarm>
	</DatabaseFile>
	<DatabaseTable>
		<NumberOfRows>10000</NumberOfRows>
	</DatabaseTable>
</Database>
