<?xml version="1.0" encoding="UTF-8" ?>
<!DOCTYPE log4j:configuration SYSTEM "log4j.dtd">
<!-- version="1.0.0" -->
<log4j:configuration xmlns:log4j="http://jakarta.apache.org/log4j/">


    <!-- ======================================================= -->
    <!-- Logging configuration for diagnostic purpose            -->
    <!-- log4j_domain.xml                                        -->
    <!-- ======================================================= -->

    <!-- ======================================================= -->
    <!-- this appender delivers common configuration information -->
    <!-- and should not used to distribute log events.           -->
    <!--                                                         -->
    <!-- If you will create your custom logging configuration    -->
    <!-- please adapt the folling info                           -->
    <!-- ======================================================= -->

    <appender name="SYMPHONIA_CONFIGURATION"
                  class="com.siemens.symphonia.logging.appender.ConfigAppender">

        <param name="configName"    value="logging configuration for domain diagnosis"/>
        <param name="providerName"  value="Domain"/>
        <param name="version"       value="1.0.0"/>
        <param name="date"          value="2007-08-24"/>
    </appender>


    <!-- ======================================================= -->
    <!-- Setup the common Appenders                              -->
    <!-- ======================================================= -->

    <!-- ======================================================= -->
    <!-- this appender configure the console output inside       -->
    <!-- your OSGI container.                                    -->
    <!-- Attention: If you configure a logger to the level DEBUG -->
    <!-- you must set the "Threshold" inside this appender       -->
    <!-- configuration also to DEBUG to take an effect!          -->
    <!-- ======================================================= -->

    <appender name="CONSOLE" class="org.apache.log4j.ConsoleAppender">
        <param name="Threshold" value="WARN"/>
        <layout class="org.apache.log4j.PatternLayout">
            <param name="ConversionPattern"
                value="%d{ABSOLUTE} %-5p [%c{1}] %m%n" />
        </layout>
    </appender>


    <!-- ======================================================= -->
    <!-- use this appender only on your own risk!!!!             -->
    <!-- The complete logging and tracing information are only   -->
    <!-- available with the appender FILE_XML!                   -->
    <!-- File created with the appender "FILE" are not           -->
    <!-- compatible to the symphonia tool chain !!!!             -->
    <!-- ======================================================= -->

    <appender name="FILE"
        class="org.apache.log4j.RollingFileAppender">
        <param name="File" value="${SYMPHONIA_LOG}symphonia.log" />
        <param name="Append" value="true" />
        <param name="MaxFileSize" value="10000KB" />
        <param name="MaxBackupIndex" value="10" />
        <layout class="org.apache.log4j.PatternLayout">
            <param name="ConversionPattern" value="%d %-5p [%c] %m%n" />
        </layout>
    </appender>


    <!-- ======================================================= -->
    <!-- this appender is the base appender to write the common  -->
    <!-- log file. The log file is XML formated.                 -->
    <!-- Only this log XML formated log file contains the        -->
    <!-- complete informations for the symphonia tool chain !    -->
    <!-- ======================================================= -->

    <appender name="FILE_XML"
        class="org.apache.log4j.RollingFileAppender">
        <param name="File" value="${SYMPHONIA_LOG}symphonia.log.xml" />
        <param name="Append" value="true" />
        <param name="MaxFileSize" value="10000KB" />
        <param name="MaxBackupIndex" value="10" />
        <layout class="org.apache.log4j.xml.XMLLayout"/>
    </appender>


    <!-- ======================================================= -->
    <!-- this appender is used for Trace on Resource (ToR)       -->
    <!-- ======================================================= -->

    <appender name="FILE_CONTEXT_XML"
        class="org.apache.log4j.RollingFileAppender">
        <param name="File" value="${SYMPHONIA_LOG}symphonia_context.log.xml" />
        <param name="Append" value="true" />
        <param name="MaxFileSize" value="10000KB" />
        <param name="MaxBackupIndex" value="10" />
        <layout class="org.apache.log4j.xml.XMLLayout"/>
    </appender>


    <!-- ======================================================= -->
    <!-- this appender is used for EventLog                      -->
    <!-- the EventLog is deprecated since the FW 1.3!            -->
    <!-- Use the Audit functionality instead of the eventlog     -->
    <!-- ======================================================= -->

    <appender name="FILE_EVENT_XML"
        class="org.apache.log4j.RollingFileAppender">
        <param name="File" value="${SYMPHONIA_EVENTLOG}symphonia_event.log.xml" />
        <param name="Append" value="true" />
        <param name="MaxFileSize" value="10000KB" />
        <param name="MaxBackupIndex" value="10" />
        <layout class="org.apache.log4j.xml.XMLLayout"/>
    </appender>


    <!-- ======================================================= -->
    <!-- this appender is used for separat logging of            -->
    <!-- performance relevant data into a separat log file       -->
    <!-- ======================================================= -->

    <appender name="FILE_PERFORMANCE_XML"
        class="org.apache.log4j.RollingFileAppender">
        <param name="File" value="${SYMPHONIA_LOG}symphonia_performance.log.xml" />
        <param name="Append" value="true" />
        <param name="MaxFileSize" value="10000KB" />
        <param name="MaxBackupIndex" value="10" />
        <layout class="org.apache.log4j.xml.XMLLayout"/>
    </appender>


    <!-- ======================================================= -->
    <!-- this appender is used for separat logging of            -->
    <!-- remoting relevant data into a separat log file          -->
    <!-- ======================================================= -->

    <appender name="FILE_REMOTING_XML"
        class="org.apache.log4j.RollingFileAppender">
        <param name="File" value="${SYMPHONIA_LOG}symphonia_remoting.log.xml" />
        <param name="Append" value="true" />
        <param name="MaxFileSize" value="10000KB" />
        <param name="MaxBackupIndex" value="10" />
        <layout class="com.siemens.symphonia.logging.layout.ExtendedXMLLayout">
            <param name="HumanReadableTimeStamp" value="true" />
        </layout>
    </appender>

    <!-- plugins can place here all own appenders, except AsyncAppender  -->
    <!-- #Plugin Start# ~common appender~ -->


    <!-- #Plugin End#      -->


    <!-- ======================================================= -->
    <!-- Setup the AsyncAppenders                                -->
    <!-- ======================================================= -->

    <!-- ======================================================= -->
    <!-- this AsyncAppender handles the main logging and bundles -->
    <!-- different Appenders like file output and console output -->
    <!-- ======================================================= -->

    <appender name="ASYNC" class="org.apache.log4j.AsyncAppender">
        <appender-ref ref="CONSOLE"/>
        <appender-ref ref="FILE_XML"/>

        <!-- plugins can add here own appenders to the main AsyncAppender ASYNC -->
        <!-- #Plugin Start# ~ASYNC~ -->


        <!-- #Plugin End#      -->
    </appender>


    <!-- ======================================================= -->
    <!-- this AsyncAppender is used for Trace on Resource (ToR)  -->
    <!-- ======================================================= -->

    <appender name="ASYNC_CTX" class="org.apache.log4j.AsyncAppender">
        <appender-ref ref="FILE_CONTEXT_XML"/>
    </appender>


    <!-- ======================================================= -->
    <!-- this AsyncAppender is used for Trace the EventLog       -->
    <!-- ======================================================= -->

    <appender name="ASYNC_EVENT" class="org.apache.log4j.AsyncAppender">
        <appender-ref ref="FILE_EVENT_XML"/>
    </appender>


    <!-- ======================================================= -->
    <!-- this AsyncAppender is used for the performance log      -->
    <!-- ======================================================= -->

    <appender name="ASYNC_PERFORMANCE" class="org.apache.log4j.AsyncAppender">
        <appender-ref ref="FILE_PERFORMANCE_XML"/>
    </appender>


    <!-- ======================================================= -->
    <!-- this AsyncAppender is used for the remoting log         -->
    <!-- ======================================================= -->

    <appender name="ASYNC_REMOTING" class="org.apache.log4j.AsyncAppender">
        <appender-ref ref="FILE_REMOTING_XML"/>
    </appender>

    <!-- plugins can place here own AsyncAppender  -->
    <!-- #Plugin Start# ~AsyncAppender~ -->


    <!-- #Plugin End#      -->


    <!-- ======================================================= -->
    <!-- Setup Logger suffixe                                    -->
    <!-- ======================================================= -->

    <!-- ======================================================= -->
    <!-- context aware tracing settings  / Trace on Resource -->
    <!-- ======================================================= -->

    <logger name="context" additivity="false">
        <level value="ALL" />
        <appender-ref ref="ASYNC_CTX" />
    </logger>


    <!-- ======================================================= -->
    <!-- Fault Symphonia logger definition                       -->
    <!-- ======================================================= -->

    <logger name="fault" additivity="false">
        <level value="ALL" />
    </logger>


    <!-- ======================================================= -->
    <!-- onlinetrace Symphonia logger definition                 -->
    <!-- ======================================================= -->

    <logger name="trace" additivity="false">
        <level value="ALL" />
    </logger>


    <!-- ======================================================= -->
    <!-- eventlog Symphonia logger definition                    -->
    <!-- ======================================================= -->

    <logger name="event" additivity="false">
        <level value="INFO" />
        <appender-ref ref="ASYNC_EVENT" />
    </logger>


    <!-- ======================================================= -->
    <!-- a logger for performance issue definition               -->
    <!-- ======================================================= -->
    <logger name="performance" additivity="false">
        <level value="INFO" />
        <appender-ref ref="ASYNC_PERFORMANCE" />
    </logger>


    <!-- ======================================================= -->
    <!-- a logger for the configuration appender                 -->
    <!-- this logger is only an auxiliary construction           -->
    <!-- for the ConfigAppender.                                 -->
    <!-- Do not use this logger for normal logging;              -->
    <!-- all LOG statements to this logger are discarded         -->
    <!-- DO NOT REMOVE THIS LOGGER                               -->
    <!-- ======================================================= -->

    <logger name="config" additivity="false">
        <level value="ALL" />
        <appender-ref ref="SYMPHONIA_CONFIGURATION" />
    </logger>


    <!-- ======================================================= -->
    <!-- Limit Symphonia framework categories                    -->
    <!-- Global Symphonia logger definition                      -->
    <!-- ======================================================= -->

    <logger name="com.siemens.symphonia" additivity="false">
        <level value="WARN" />
        <appender-ref ref="ASYNC" />
    </logger>


    <!-- ======================================================= -->
    <!-- Symphonia logger definition for tracing port extensions -->
    <!-- This setting define only the threshold for the          -->
    <!-- corresponding loggers.                                  -->
    <!-- The output of the tracing port extensions is controlled -->
    <!-- by the symom.config.xml                                 -->
    <!-- ======================================================= -->

    <logger name="com.siemens.symphonia.remoting" additivity="false">
        <level value="INFO" />
        <appender-ref ref="ASYNC_REMOTING" />
    </logger>

    <!-- ======================================================= -->
    <!-- problem specific logger:                                -->
    <!-- domain                                                  -->
    <!-- ======================================================= -->

  <logger name="com.siemens.symphonia.domain">
        <level value="DEBUG" />
    </logger>

    <logger name="com.siemens.symphonia.service">
        <level value="DEBUG" />
    </logger>

    <logger name="com.siemens.symphonia.symom">
        <level value="DEBUG" />
    </logger>

    <!-- ======================================================= -->
    <!-- Limit Symphonia application categories                  -->
    <!-- ======================================================= -->

    <!-- Global DSA logger definition                            -->

    <logger name="com.siemens.dsa" additivity="false">
        <level value="INFO" />
        <appender-ref ref="ASYNC" />
    </logger>


    <!-- plugins can place here own Logger, exepts 3rd party     -->
    <!-- #Plugin Start# ~Logger~ -->


    <!-- #Plugin End#      -->


    <!-- ======================================================= -->
    <!-- Limit 3rd Party Loggers                                 -->
    <!-- ======================================================= -->


        <!-- Limit the org.apache logger to WARN as DEBUG and INFO is verbose -->
        <logger name="org.apache">
            <level value="WARN"/>
        </logger>

        <!-- Limit the special org.apache logger to ERROR  -->
        <logger name="org.apache.commons.validator.ValidatorResources">
            <level value="ERROR"/>
        </logger>

        <!-- Limit org.apache.jcs logger to FATAL to avoid all the WARN and -->
        <!-- ERROR messages from discarded messages of other versions -->
        <logger name="org.apache.jcs">
            <level value="FATAL"/>
        </logger>

        <!-- Limit org.org.springframework logger to WARN -->
        <logger name="org.springframework">
            <level value="WARN"/>
        </logger>

        <!-- Limit org.aopalliance logger to WARN -->
        <logger name="org.aopalliance">
            <level value="WARN"/>
        </logger>

      <!-- package of openjpa keys for logging -->
	<logger name="openjpa.Tool">
            <level value="WARN"/>
      </logger>
	<logger name="openjpa.Runtime">
            <level value="WARN"/>
      </logger>
	<logger name="openjpa.Remote">
            <level value="WARN"/>
      </logger>
	<logger name="openjpa.DataCache">
            <level value="WARN"/>
      </logger>
	<logger name="openjpa.MetaData">
            <level value="ERROR"/>
      </logger>
	<logger name="openjpa.Enhance">
            <level value="WARN"/>
      </logger>
	<logger name="openjpa.Query">
            <level value="WARN"/>
      </logger>
      <logger name="openjpa.jdbc">
            <level value="ERROR"/>
      </logger>


	<!-- switch the SQL-part to DEBUG for SQL query traces -->
	<logger name="openjpa.jdbc.SQL">
            <level value="WARN"/>
        </logger>

        <!-- Limit org.apache.activemq logger to WARN -->
        <logger name="org.apache.activemq">
            <level value="WARN"/>
        </logger>

        <!-- plugins can place here 3rd party Logger -->
        <!-- #Plugin Start# ~3rdPartyLogger~ -->


        <!-- #Plugin End#      -->


    <!-- ======================================================= -->
    <!-- Setup the Root logger                                   -->
    <!-- ======================================================= -->

    <root>
        <level value="WARN"/>
        <appender-ref ref="ASYNC" />
    </root>

</log4j:configuration>

