id;lastName;locality;userid;domain;homeTimeZone;language;firstName;displayName;middleName;gender;salutation;title;notice;description;building;room;street;postalCode;city;stateProvince;country;company;businessPhone1;businessPhone2;mobilePhone;homePhone;fax;emailAddress;alternateEmailAddress;imAddress;homeURL;department
bulkedit0001@system;last name0001;;bulkedit0001;system;Europe/Athens;de_DE;first name0001;display name0001;Middle name0001;male;salutation test;title test;notice test;description test;SnB;room test;15 Metaxa Str;123456;Athens;State test;GR;SEN;302108187021;210818751;10811;10811;3021081;email1@siemens-enterprise.com;email2@siemens-enterprise.com;Im test;www.test.com;SEN
bulkedit0002@system;last name0002;;bulkedit0002;system;Europe/Athens;de_DE;first name0002;display name0002;Middle name0002;male;salutation test;title test;notice test;description test;SnB;room test;15 Metaxa Str;123456;Athens;State test;GR;SEN;302108187022;210818752;10811;10811;3021081;email1@siemens-enterprise.com;email2@siemens-enterprise.com;Im test;www.test.com;SEN
bulkedit0003@system;last name0003;;bulkedit0003;system;Europe/Athens;de_DE;first name0003;display name0003;Middle name0003;male;salutation test;title test;notice test;description test;SnB;room test;15 Metaxa Str;123456;Athens;State test;GR;SEN;302108187023;210818753;10811;10811;3021081;email1@siemens-enterprise.com;email2@siemens-enterprise.com;Im test;www.test.com;SEN
bulkedit0004@system;last name0004;;bulkedit0004;system;Europe/Athens;de_DE;first name0004;display name0004;Middle name0004;male;salutation test;title test;notice test;description test;SnB;room test;15 Metaxa Str;123456;Athens;State test;GR;SEN;302108187024;210818754;10811;10811;3021081;email1@siemens-enterprise.com;email2@siemens-enterprise.com;Im test;www.test.com;SEN
bulkedit0005@system;last name0005;;bulkedit0005;system;Europe/Athens;de_DE;first name0005;display name0005;Middle name0005;male;salutation test;title test;notice test;description test;SnB;room test;15 Metaxa Str;123456;Athens;State test;GR;SEN;302108187025;210818755;10811;10811;3021081;email1@siemens-enterprise.com;email2@siemens-enterprise.com;Im test;www.test.com;SEN
bulkedit0006@system;last name0006;;bulkedit0006;system;Europe/Athens;de_DE;first name0006;display name0006;Middle name0006;male;salutation test;title test;notice test;description test;SnB;room test;15 Metaxa Str;123456;Athens;State test;GR;SEN;302108187026;210818756;10811;10811;3021081;email1@siemens-enterprise.com;email2@siemens-enterprise.com;Im test;www.test.com;SEN
bulkedit0007@system;last name0007;;bulkedit0007;system;Europe/Athens;de_DE;first name0007;display name0007;Middle name0007;male;salutation test;title test;notice test;description test;SnB;room test;15 Metaxa Str;123456;Athens;State test;GR;SEN;302108187027;210818757;10811;10811;3021081;email1@siemens-enterprise.com;email2@siemens-enterprise.com;Im test;www.test.com;SEN
bulkedit0008@system;last name0008;;bulkedit0008;system;Europe/Athens;de_DE;first name0008;display name0008;Middle name0008;male;salutation test;title test;notice test;description test;SnB;room test;15 Metaxa Str;123456;Athens;State test;GR;SEN;302108187028;210818758;10811;10811;3021081;email1@siemens-enterprise.com;email2@siemens-enterprise.com;Im test;www.test.com;SEN
bulkedit0009@system;last name0009;;bulkedit0009;system;Europe/Athens;de_DE;first name0009;display name0009;Middle name0009;male;salutation test;title test;notice test;description test;SnB;room test;15 Metaxa Str;123456;Athens;State test;GR;SEN;302108187029;210818759;10811;10811;3021081;email1@siemens-enterprise.com;email2@siemens-enterprise.com;Im test;www.test.com;SEN
bulkedit0010@system;last name0010;;bulkedit0010;system;Europe/Athens;de_DE;first name0010;display name0010;Middle name0010;male;salutation test;title test;notice test;description test;SnB;room test;15 Metaxa Str;123456;Athens;State test;GR;SEN;302108187999;210818760;10811;10811;3021081;email1@siemens-enterprise.com;email2@siemens-enterprise.com;Im test;www.test.com;SEN
bulkedit0011@system;last name0011;;bulkedit0011;system;Europe/Athens;de_DE;first name0011;display name0011;Middle name0011;male;salutation test;title test;notice test;description test;SnB;room test;15 Metaxa Str;123456;Athens;State test;GR;SEN;302108187031;210818761;10811;10811;3021081;email1@siemens-enterprise.com;email2@siemens-enterprise.com;Im test;www.test.com;SEN
bulkedit0012@system;last name0012;;bulkedit0012;system;Europe/Athens;de_DE;first name0012;display name0012;Middle name0012;male;salutation test;title test;notice test;description test;SnB;room test;15 Metaxa Str;123456;Athens;State test;GR;SEN;302108187032;210818762;10811;10811;3021081;email1@siemens-enterprise.com;email2@siemens-enterprise.com;Im test;www.test.com;SEN
bulkedit0013@system;last name0013;;bulkedit0013;system;Europe/Athens;de_DE;first name0013;display name0013;Middle name0013;male;salutation test;title test;notice test;description test;SnB;room test;15 Metaxa Str;123456;Athens;State test;GR;SEN;302108187033;210818763;10811;10811;3021081;email1@siemens-enterprise.com;email2@siemens-enterprise.com;Im test;www.test.com;SEN
bulkedit0014@system;last name0014;;bulkedit0014;system;Europe/Athens;de_DE;first name0014;display name0014;Middle name0014;male;salutation test;title test;notice test;description test;SnB;room test;15 Metaxa Str;123456;Athens;State test;GR;SEN;302108187034;210818764;10811;10811;3021081;email1@siemens-enterprise.com;email2@siemens-enterprise.com;Im test;www.test.com;SEN
bulkedit0015@system;last name0015;;bulkedit0015;system;Europe/Athens;de_DE;first name0015;display name0015;Middle name0015;male;salutation test;title test;notice test;description test;SnB;room test;15 Metaxa Str;123456;Athens;State test;GR;SEN;302108187035;210818765;10811;10811;3021081;email1@siemens-enterprise.com;email2@siemens-enterprise.com;Im test;www.test.com;SEN
bulkedit0016@system;last name0016;;bulkedit0016;system;Europe/Athens;de_DE;first name0016;display name0016;Middle name0016;male;salutation test;title test;notice test;description test;SnB;room test;15 Metaxa Str;123456;Athens;State test;GR;SEN;302108187036;210818766;10811;10811;3021081;email1@siemens-enterprise.com;email2@siemens-enterprise.com;Im test;www.test.com;SEN
bulkedit0017@system;last name0017;;bulkedit0017;system;Europe/Athens;de_DE;first name0017;display name0017;Middle name0017;male;salutation test;title test;notice test;description test;SnB;room test;15 Metaxa Str;123456;Athens;State test;GR;SEN;302108187037;210818767;10811;10811;3021081;email1@siemens-enterprise.com;email2@siemens-enterprise.com;Im test;www.test.com;SEN
bulkedit0018@system;last name0018;;bulkedit0018;system;Europe/Athens;de_DE;first name0018;display name0018;Middle name0018;male;salutation test;title test;notice test;description test;SnB;room test;15 Metaxa Str;123456;Athens;State test;GR;SEN;302108187038;210818768;10811;10811;3021081;email1@siemens-enterprise.com;email2@siemens-enterprise.com;Im test;www.test.com;SEN
bulkedit0019@system;last name0019;;bulkedit0019;system;Europe/Athens;de_DE;first name0019;display name0019;Middle name0019;male;salutation test;title test;notice test;description test;SnB;room test;15 Metaxa Str;123456;Athens;State test;GR;SEN;302108187039;210818769;10811;10811;3021081;email1@siemens-enterprise.com;email2@siemens-enterprise.com;Im test;www.test.com;SEN
bulkedit0020@system;last name0020;;bulkedit0020;system;Europe/Athens;de_DE;first name0020;display name0020;Middle name0020;male;salutation test;title test;notice test;description test;SnB;room test;15 Metaxa Str;123456;Athens;State test;GR;SEN;302108187040;210818770;10811;10811;3021081;email1@siemens-enterprise.com;email2@siemens-enterprise.com;Im test;www.test.com;SEN
