id;lastName;locality;userid;domain;homeTimeZone;language;firstName;displayName;middleName;gender;salutation;title;notice;description;building;room;street;postalCode;city;stateProvince;country;company;businessPhone1;businessPhone2;mobilePhone;homePhone;fax;emailAddress;alternateEmailAddress;imAddress;homeURL;department
automationCSV0001@system;last name0001;;automationCSV0001;system;Europe/Athens;de_DE;first name0001;display name0001;Middle name0001;male;salutaion test;title test;notice test;description test;SnB;room test;15 Metaxa Str;123456;Athens;State test;GR;SEN;30210811;210811;10811;10811;3021081;email1@siemens-enterprise.com;email2@siemens-enterprise.com;Im test;www.test.com;SEN
automationCSV0002@system;last name0002;;automationCSV0002;system;Europe/Athens;de_DE;first name0002;display name0002;Middle name0002;male;salutaion test;title test;notice test;description test;SnB;room test;15 Metaxa Str;123456;Athens;State test;GR;SEN;30210811;210811;10811;10811;3021081;email1@siemens-enterprise.com;email2@siemens-enterprise.com;Im test;www.test.com;SEN
automationCSV0003@system;last name0003;;automationCSV0003;system;Europe/Athens;de_DE;first name0003;display name0003;Middle name0003;male;salutaion test;title test;notice test;description test;SnB;room test;15 Metaxa Str;123456;Athens;State test;GR;SEN;30210811;210811;10811;10811;3021081;email1@siemens-enterprise.com;email2@siemens-enterprise.com;Im test;www.test.com;SEN
automationCSV0004@system;last name0004;;automationCSV0004;system;Europe/Athens;de_DE;first name0004;display name0004;Middle name0004;male;salutaion test;title test;notice test;description test;SnB;room test;15 Metaxa Str;123456;Athens;State test;GR;SEN;30210811;210811;10811;10811;3021081;email1@siemens-enterprise.com;email2@siemens-enterprise.com;Im test;www.test.com;SEN
automationCSV0005@system;last name0005;;automationCSV0005;system;Europe/Athens;de_DE;first name0005;display name0005;Middle name0005;male;salutaion test;title test;notice test;description test;SnB;room test;15 Metaxa Str;123456;Athens;State test;GR;SEN;30210811;210811;10811;10811;3021081;email1@siemens-enterprise.com;email2@siemens-enterprise.com;Im test;www.test.com;SEN
automationCSV0006@system;last name0006;;automationCSV0006;system;Europe/Athens;de_DE;first name0006;display name0006;Middle name0006;male;salutaion test;title test;notice test;description test;SnB;room test;15 Metaxa Str;123456;Athens;State test;GR;SEN;30210811;210811;10811;10811;3021081;email1@siemens-enterprise.com;email2@siemens-enterprise.com;Im test;www.test.com;SEN
automationCSV0007@system;last name0007;;automationCSV0007;system;Europe/Athens;de_DE;first name0007;display name0007;Middle name0007;male;salutaion test;title test;notice test;description test;SnB;room test;15 Metaxa Str;123456;Athens;State test;GR;SEN;30210811;210811;10811;10811;3021081;email1@siemens-enterprise.com;email2@siemens-enterprise.com;Im test;www.test.com;SEN
automationCSV0008@system;last name0008;;automationCSV0008;system;Europe/Athens;de_DE;first name0008;display name0008;Middle name0008;male;salutaion test;title test;notice test;description test;SnB;room test;15 Metaxa Str;123456;Athens;State test;GR;SEN;30210811;210811;10811;10811;3021081;email1@siemens-enterprise.com;email2@siemens-enterprise.com;Im test;www.test.com;SEN
automationCSV0009@system;last name0009;;automationCSV0009;system;Europe/Athens;de_DE;first name0009;display name0009;Middle name0009;male;salutaion test;title test;notice test;description test;SnB;room test;15 Metaxa Str;123456;Athens;State test;GR;SEN;30210811;210811;10811;10811;3021081;email1@siemens-enterprise.com;email2@siemens-enterprise.com;Im test;www.test.com;SEN
automationCSV0010@system;last name0010;;automationCSV0010;system;Europe/Athens;de_DE;first name0010;display name0010;Middle name0010;male;salutaion test;title test;notice test;description test;SnB;room test;15 Metaxa Str;123456;Athens;State test;GR;SEN;30210811;210811;10811;10811;3021081;email1@siemens-enterprise.com;email2@siemens-enterprise.com;Im test;www.test.com;SEN
automationCSV0011@system;last name0011;;automationCSV0011;system;Europe/Athens;de_DE;first name0011;display name0011;Middle name0011;male;salutaion test;title test;notice test;description test;SnB;room test;15 Metaxa Str;123456;Athens;State test;GR;SEN;30210811;210811;10811;10811;3021081;email1@siemens-enterprise.com;email2@siemens-enterprise.com;Im test;www.test.com;SEN
automationCSV0012@system;last name0012;;automationCSV0012;system;Europe/Athens;de_DE;first name0012;display name0012;Middle name0012;male;salutaion test;title test;notice test;description test;SnB;room test;15 Metaxa Str;123456;Athens;State test;GR;SEN;30210811;210811;10811;10811;3021081;email1@siemens-enterprise.com;email2@siemens-enterprise.com;Im test;www.test.com;SEN
automationCSV0013@system;last name0013;;automationCSV0013;system;Europe/Athens;de_DE;first name0013;display name0013;Middle name0013;male;salutaion test;title test;notice test;description test;SnB;room test;15 Metaxa Str;123456;Athens;State test;GR;SEN;30210811;210811;10811;10811;3021081;email1@siemens-enterprise.com;email2@siemens-enterprise.com;Im test;www.test.com;SEN
automationCSV0014@system;last name0014;;automationCSV0014;system;Europe/Athens;de_DE;first name0014;display name0014;Middle name0014;male;salutaion test;title test;notice test;description test;SnB;room test;15 Metaxa Str;123456;Athens;State test;GR;SEN;30210811;210811;10811;10811;3021081;email1@siemens-enterprise.com;email2@siemens-enterprise.com;Im test;www.test.com;SEN
automationCSV0015@system;last name0015;;automationCSV0015;system;Europe/Athens;de_DE;first name0015;display name0015;Middle name0015;male;salutaion test;title test;notice test;description test;SnB;room test;15 Metaxa Str;123456;Athens;State test;GR;SEN;30210811;210811;10811;10811;3021081;email1@siemens-enterprise.com;email2@siemens-enterprise.com;Im test;www.test.com;SEN
automationCSV0016@system;last name0016;;automationCSV0016;system;Europe/Athens;de_DE;first name0016;display name0016;Middle name0016;male;salutaion test;title test;notice test;description test;SnB;room test;15 Metaxa Str;123456;Athens;State test;GR;SEN;30210811;210811;10811;10811;3021081;email1@siemens-enterprise.com;email2@siemens-enterprise.com;Im test;www.test.com;SEN
automationCSV0017@system;last name0017;;automationCSV0017;system;Europe/Athens;de_DE;first name0017;display name0017;Middle name0017;male;salutaion test;title test;notice test;description test;SnB;room test;15 Metaxa Str;123456;Athens;State test;GR;SEN;30210811;210811;10811;10811;3021081;email1@siemens-enterprise.com;email2@siemens-enterprise.com;Im test;www.test.com;SEN
automationCSV0018@system;last name0018;;automationCSV0018;system;Europe/Athens;de_DE;first name0018;display name0018;Middle name0018;male;salutaion test;title test;notice test;description test;SnB;room test;15 Metaxa Str;123456;Athens;State test;GR;SEN;30210811;210811;10811;10811;3021081;email1@siemens-enterprise.com;email2@siemens-enterprise.com;Im test;www.test.com;SEN
automationCSV0019@system;last name0019;;automationCSV0019;system;Europe/Athens;de_DE;first name0019;display name0019;Middle name0019;male;salutaion test;title test;notice test;description test;SnB;room test;15 Metaxa Str;123456;Athens;State test;GR;SEN;30210811;210811;10811;10811;3021081;email1@siemens-enterprise.com;email2@siemens-enterprise.com;Im test;www.test.com;SEN
automationCSV0020@system;last name0020;;automationCSV0020;system;Europe/Athens;de_DE;first name0020;display name0020;Middle name0020;male;salutaion test;title test;notice test;description test;SnB;room test;15 Metaxa Str;123456;Athens;State test;GR;SEN;30210811;210811;10811;10811;3021081;email1@siemens-enterprise.com;email2@siemens-enterprise.com;Im test;www.test.com;SEN
automationCSV0021@system;last name0021;;automationCSV0021;system;Europe/Athens;de_DE;first name0021;display name0021;Middle name0021;male;salutaion test;title test;notice test;description test;SnB;room test;15 Metaxa Str;123456;Athens;State test;GR;SEN;30210811;210811;10811;10811;3021081;email1@siemens-enterprise.com;email2@siemens-enterprise.com;Im test;www.test.com;SEN
automationCSV0022@system;last name0022;;automationCSV0022;system;Europe/Athens;de_DE;first name0022;display name0022;Middle name0022;male;salutaion test;title test;notice test;description test;SnB;room test;15 Metaxa Str;123456;Athens;State test;GR;SEN;30210811;210811;10811;10811;3021081;email1@siemens-enterprise.com;email2@siemens-enterprise.com;Im test;www.test.com;SEN
automationCSV0023@system;last name0023;;automationCSV0023;system;Europe/Athens;de_DE;first name0023;display name0023;Middle name0023;male;salutaion test;title test;notice test;description test;SnB;room test;15 Metaxa Str;123456;Athens;State test;GR;SEN;30210811;210811;10811;10811;3021081;email1@siemens-enterprise.com;email2@siemens-enterprise.com;Im test;www.test.com;SEN
automationCSV0024@system;last name0024;;automationCSV0024;system;Europe/Athens;de_DE;first name0024;display name0024;Middle name0024;male;salutaion test;title test;notice test;description test;SnB;room test;15 Metaxa Str;123456;Athens;State test;GR;SEN;30210811;210811;10811;10811;3021081;email1@siemens-enterprise.com;email2@siemens-enterprise.com;Im test;www.test.com;SEN
automationCSV0025@system;last name0025;;automationCSV0025;system;Europe/Athens;de_DE;first name0025;display name0025;Middle name0025;male;salutaion test;title test;notice test;description test;SnB;room test;15 Metaxa Str;123456;Athens;State test;GR;SEN;30210811;210811;10811;10811;3021081;email1@siemens-enterprise.com;email2@siemens-enterprise.com;Im test;www.test.com;SEN
automationCSV0026@system;last name0026;;automationCSV0026;system;Europe/Athens;de_DE;first name0026;display name0026;Middle name0026;male;salutaion test;title test;notice test;description test;SnB;room test;15 Metaxa Str;123456;Athens;State test;GR;SEN;30210811;210811;10811;10811;3021081;email1@siemens-enterprise.com;email2@siemens-enterprise.com;Im test;www.test.com;SEN
automationCSV0027@system;last name0027;;automationCSV0027;system;Europe/Athens;de_DE;first name0027;display name0027;Middle name0027;male;salutaion test;title test;notice test;description test;SnB;room test;15 Metaxa Str;123456;Athens;State test;GR;SEN;30210811;210811;10811;10811;3021081;email1@siemens-enterprise.com;email2@siemens-enterprise.com;Im test;www.test.com;SEN
automationCSV0028@system;last name0028;;automationCSV0028;system;Europe/Athens;de_DE;first name0028;display name0028;Middle name0028;male;salutaion test;title test;notice test;description test;SnB;room test;15 Metaxa Str;123456;Athens;State test;GR;SEN;30210811;210811;10811;10811;3021081;email1@siemens-enterprise.com;email2@siemens-enterprise.com;Im test;www.test.com;SEN
automationCSV0029@system;last name0029;;automationCSV0029;system;Europe/Athens;de_DE;first name0029;display name0029;Middle name0029;male;salutaion test;title test;notice test;description test;SnB;room test;15 Metaxa Str;123456;Athens;State test;GR;SEN;30210811;210811;10811;10811;3021081;email1@siemens-enterprise.com;email2@siemens-enterprise.com;Im test;www.test.com;SEN
automationCSV0030@system;last name0030;;automationCSV0030;system;Europe/Athens;de_DE;first name0030;display name0030;Middle name0030;male;salutaion test;title test;notice test;description test;SnB;room test;15 Metaxa Str;123456;Athens;State test;GR;SEN;30210811;210811;10811;10811;3021081;email1@siemens-enterprise.com;email2@siemens-enterprise.com;Im test;www.test.com;SEN
automationCSV0031@system;last name0031;;automationCSV0031;system;Europe/Athens;de_DE;first name0031;display name0031;Middle name0031;male;salutaion test;title test;notice test;description test;SnB;room test;15 Metaxa Str;123456;Athens;State test;GR;SEN;30210811;210811;10811;10811;3021081;email1@siemens-enterprise.com;email2@siemens-enterprise.com;Im test;www.test.com;SEN
automationCSV0032@system;last name0032;;automationCSV0032;system;Europe/Athens;de_DE;first name0032;display name0032;Middle name0032;male;salutaion test;title test;notice test;description test;SnB;room test;15 Metaxa Str;123456;Athens;State test;GR;SEN;30210811;210811;10811;10811;3021081;email1@siemens-enterprise.com;email2@siemens-enterprise.com;Im test;www.test.com;SEN
automationCSV0033@system;last name0033;;automationCSV0033;system;Europe/Athens;de_DE;first name0033;display name0033;Middle name0033;male;salutaion test;title test;notice test;description test;SnB;room test;15 Metaxa Str;123456;Athens;State test;GR;SEN;30210811;210811;10811;10811;3021081;email1@siemens-enterprise.com;email2@siemens-enterprise.com;Im test;www.test.com;SEN
automationCSV0034@system;last name0034;;automationCSV0034;system;Europe/Athens;de_DE;first name0034;display name0034;Middle name0034;male;salutaion test;title test;notice test;description test;SnB;room test;15 Metaxa Str;123456;Athens;State test;GR;SEN;30210811;210811;10811;10811;3021081;email1@siemens-enterprise.com;email2@siemens-enterprise.com;Im test;www.test.com;SEN
automationCSV0035@system;last name0035;;automationCSV0035;system;Europe/Athens;de_DE;first name0035;display name0035;Middle name0035;male;salutaion test;title test;notice test;description test;SnB;room test;15 Metaxa Str;123456;Athens;State test;GR;SEN;30210811;210811;10811;10811;3021081;email1@siemens-enterprise.com;email2@siemens-enterprise.com;Im test;www.test.com;SEN
automationCSV0036@system;last name0036;;automationCSV0036;system;Europe/Athens;de_DE;first name0036;display name0036;Middle name0036;male;salutaion test;title test;notice test;description test;SnB;room test;15 Metaxa Str;123456;Athens;State test;GR;SEN;30210811;210811;10811;10811;3021081;email1@siemens-enterprise.com;email2@siemens-enterprise.com;Im test;www.test.com;SEN
automationCSV0037@system;last name0037;;automationCSV0037;system;Europe/Athens;de_DE;first name0037;display name0037;Middle name0037;male;salutaion test;title test;notice test;description test;SnB;room test;15 Metaxa Str;123456;Athens;State test;GR;SEN;30210811;210811;10811;10811;3021081;email1@siemens-enterprise.com;email2@siemens-enterprise.com;Im test;www.test.com;SEN
automationCSV0038@system;last name0038;;automationCSV0038;system;Europe/Athens;de_DE;first name0038;display name0038;Middle name0038;male;salutaion test;title test;notice test;description test;SnB;room test;15 Metaxa Str;123456;Athens;State test;GR;SEN;30210811;210811;10811;10811;3021081;email1@siemens-enterprise.com;email2@siemens-enterprise.com;Im test;www.test.com;SEN
automationCSV0039@system;last name0039;;automationCSV0039;system;Europe/Athens;de_DE;first name0039;display name0039;Middle name0039;male;salutaion test;title test;notice test;description test;SnB;room test;15 Metaxa Str;123456;Athens;State test;GR;SEN;30210811;210811;10811;10811;3021081;email1@siemens-enterprise.com;email2@siemens-enterprise.com;Im test;www.test.com;SEN
automationCSV0040@system;last name0040;;automationCSV0040;system;Europe/Athens;de_DE;first name0040;display name0040;Middle name0040;male;salutaion test;title test;notice test;description test;SnB;room test;15 Metaxa Str;123456;Athens;State test;GR;SEN;30210811;210811;10811;10811;3021081;email1@siemens-enterprise.com;email2@siemens-enterprise.com;Im test;www.test.com;SEN
automationCSV0041@system;last name0041;;automationCSV0041;system;Europe/Athens;de_DE;first name0041;display name0041;Middle name0041;male;salutaion test;title test;notice test;description test;SnB;room test;15 Metaxa Str;123456;Athens;State test;GR;SEN;30210811;210811;10811;10811;3021081;email1@siemens-enterprise.com;email2@siemens-enterprise.com;Im test;www.test.com;SEN
automationCSV0042@system;last name0042;;automationCSV0042;system;Europe/Athens;de_DE;first name0042;display name0042;Middle name0042;male;salutaion test;title test;notice test;description test;SnB;room test;15 Metaxa Str;123456;Athens;State test;GR;SEN;30210811;210811;10811;10811;3021081;email1@siemens-enterprise.com;email2@siemens-enterprise.com;Im test;www.test.com;SEN
automationCSV0043@system;last name0043;;automationCSV0043;system;Europe/Athens;de_DE;first name0043;display name0043;Middle name0043;male;salutaion test;title test;notice test;description test;SnB;room test;15 Metaxa Str;123456;Athens;State test;GR;SEN;30210811;210811;10811;10811;3021081;email1@siemens-enterprise.com;email2@siemens-enterprise.com;Im test;www.test.com;SEN
automationCSV0044@system;last name0044;;automationCSV0044;system;Europe/Athens;de_DE;first name0044;display name0044;Middle name0044;male;salutaion test;title test;notice test;description test;SnB;room test;15 Metaxa Str;123456;Athens;State test;GR;SEN;30210811;210811;10811;10811;3021081;email1@siemens-enterprise.com;email2@siemens-enterprise.com;Im test;www.test.com;SEN
automationCSV0045@system;last name0045;;automationCSV0045;system;Europe/Athens;de_DE;first name0045;display name0045;Middle name0045;male;salutaion test;title test;notice test;description test;SnB;room test;15 Metaxa Str;123456;Athens;State test;GR;SEN;30210811;210811;10811;10811;3021081;email1@siemens-enterprise.com;email2@siemens-enterprise.com;Im test;www.test.com;SEN
automationCSV0046@system;last name0046;;automationCSV0046;system;Europe/Athens;de_DE;first name0046;display name0046;Middle name0046;male;salutaion test;title test;notice test;description test;SnB;room test;15 Metaxa Str;123456;Athens;State test;GR;SEN;30210811;210811;10811;10811;3021081;email1@siemens-enterprise.com;email2@siemens-enterprise.com;Im test;www.test.com;SEN
automationCSV0047@system;last name0047;;automationCSV0047;system;Europe/Athens;de_DE;first name0047;display name0047;Middle name0047;male;salutaion test;title test;notice test;description test;SnB;room test;15 Metaxa Str;123456;Athens;State test;GR;SEN;30210811;210811;10811;10811;3021081;email1@siemens-enterprise.com;email2@siemens-enterprise.com;Im test;www.test.com;SEN
automationCSV0048@system;last name0048;;automationCSV0048;system;Europe/Athens;de_DE;first name0048;display name0048;Middle name0048;male;salutaion test;title test;notice test;description test;SnB;room test;15 Metaxa Str;123456;Athens;State test;GR;SEN;30210811;210811;10811;10811;3021081;email1@siemens-enterprise.com;email2@siemens-enterprise.com;Im test;www.test.com;SEN
automationCSV0049@system;last name0049;;automationCSV0049;system;Europe/Athens;de_DE;first name0049;display name0049;Middle name0049;male;salutaion test;title test;notice test;description test;SnB;room test;15 Metaxa Str;123456;Athens;State test;GR;SEN;30210811;210811;10811;10811;3021081;email1@siemens-enterprise.com;email2@siemens-enterprise.com;Im test;www.test.com;SEN
automationCSV0050@system;last name0050;;automationCSV0050;system;Europe/Athens;de_DE;first name0050;display name0050;Middle name0050;male;salutaion test;title test;notice test;description test;SnB;room test;15 Metaxa Str;123456;Athens;State test;GR;SEN;30210811;210811;10811;10811;3021081;email1@siemens-enterprise.com;email2@siemens-enterprise.com;Im test;www.test.com;SEN
automationCSV0051@system;last name0051;;automationCSV0051;system;Europe/Athens;de_DE;first name0051;display name0050;Middle name0051;male;salutaion test;title test;notice test;description test;SnB;room test;15 Metaxa Str;123456;Athens;State test;GR;SEN;30210811;210811;10811;10811;3021081;email1@siemens-enterprise.com;email2@siemens-enterprise.com;Im test;www.test.com;SEN
