id;lastName;locality;userid;domain;homeTimeZone;language;firstName;displayName;middleName;gender;salutation;title;notice;description;building;room;street;postalCode;city;stateProvince;country;company;businessPhone1;businessPhone2;mobilePhone;homePhone;fax;emailAddress;alternateEmailAddress;imAddress;homeURL;department
bulkedit1@subdomain_bulkedit;last name0001;;bulkedit1;subdomain_bulkedit;Europe/Athens;de_DE;first name0001;display name0001;Middle name0001;male;salutation test;title test;notice test;description test;SnB;room test;15 Metaxa Str;123456;Athens;State test;GR;SEN;302108187021;210818751;10811;10811;3021081;email1@siemens-enterprise.com;email2@siemens-enterprise.com;Im test;www.test.com;SEN
bulkedit2@subdomain_bulkedit;last name0002;;bulkedit2;subdomain_bulkedit;Europe/Athens;de_DE;first name0002;display name0002;Middle name0002;male;salutation test;title test;notice test;description test;SnB;room test;15 Metaxa Str;123456;Athens;State test;GR;SEN;302108187022;210818752;10811;10811;3021081;email1@siemens-enterprise.com;email2@siemens-enterprise.com;Im test;www.test.com;SEN
bulkedit3@subdomain_bulkedit;last name0003;;bulkedit3;subdomain_bulkedit;Europe/Athens;de_DE;first name0003;display name0003;Middle name0003;male;salutation test;title test;notice test;description test;SnB;room test;15 Metaxa Str;123456;Athens;State test;GR;SEN;302108187023;210818753;10811;10811;3021081;email1@siemens-enterprise.com;email2@siemens-enterprise.com;Im test;www.test.com;SEN
bulkedit4@subdomain_bulkedit;last name0004;;bulkedit4;subdomain_bulkedit;Europe/Athens;de_DE;first name0004;display name0004;Middle name0004;male;salutation test;title test;notice test;description test;SnB;room test;15 Metaxa Str;123456;Athens;State test;GR;SEN;302108187024;210818754;10811;10811;3021081;email1@siemens-enterprise.com;email2@siemens-enterprise.com;Im test;www.test.com;SEN
bulkedit5@subdomain_bulkedit;last name0005;;bulkedit5;subdomain_bulkedit;Europe/Athens;de_DE;first name0005;display name0005;Middle name0005;male;salutation test;title test;notice test;description test;SnB;room test;15 Metaxa Str;123456;Athens;State test;GR;SEN;302108187025;210818755;10811;10811;3021081;email1@siemens-enterprise.com;email2@siemens-enterprise.com;Im test;www.test.com;SEN