##VoiceMail;id;domain;displayName;normalizedNumber
VoiceMail;555;system;;555
##AllocatedPhone;id;domain;displayName;normalizedNumber
AllocatedPhone;123654789\;phone-context\=private.PNP_UNKNOWN;system;CC_externalresource;123654789\;phone-context\=private.PNP_UNKNOWN
##User;id;domain;displayName;currentTimeZone;homeTimeZone;defaultLocale;vanityCodeString;password;pin;assignedPhone8kNumber;assignedPhone8kAltId;assignedPhone4kNumber;assignedPhone4kAltId;publishedResource;assignedProfile;assignedVoicemail;preferredDeviceAndTarget;allocatedPhone;assignedCallQueue
User;cc_lockedattempts;system;cc_lockedAttempts;US/Central;US/Central;en_US;;Asd123!.;;;;;;;Team:OpenScape UC App\,CMP Login:Symphonia;;;;
User;cc_adminlock;system;cc_adminLock;US/Central;US/Central;en_US;;Asd123!.;;;;;;;Team:OpenScape UC App;;;;
User;cc_externalresource;system;CC_externalresource;US/Central;US/Central;en_US;;;;;;;;;Team:OpenScape UC App;;;123654789\;phone-context\=private.PNP_UNKNOWN;
User;cc_onsnoservices;system;CC_onsNoServices;US/Central;US/Central;en_US;;Asd123!.;;+302108189054;302108189054;;;+302108189054;Team:OpenScape UC App;;+302108189054;;
User;cc_noons;system;CC_noons;US/Central;US/Central;en_US;;Asd123!.;;+302108189050;302108189050;;;;Team:OpenScape UC App;;;;
User;cc_pass;system;CC_pass;US/Central;US/Central;en_US;;Asd123!.;;+302108189053;302108189053;;;+302108189053;Team:OpenScape UC App;555;+302108189053;;
User;cc_onsnoinout;system;CC_onsNoInOut;US/Central;US/Central;en_US;;Asd123!.;;+302108189052;302108189052;;;+302108189052;Team:OpenScape UC App;;+302108189052;;
User;cc_voicemail;system;CC_Voicemail;US/Central;US/Central;en_US;;Asd123!.;;;;;;;Team:OpenScape UC App;555;;;
User;cc_resourceok;system;cc_resourceOK;US/Central;US/Central;en_US;;Asd123!.;;+302108189055;302108189055;;;+302108189055;Team:OpenScape UC App;;+302108189055;;
User;cc_cstabutnoons;system;CC_CSTAbutNoONS;US/Central;US/Central;en_US;;Asd123!.;;+302108189051;302108189051;;;+302108189051;Team:OpenScape UC App;;+302108189051;;
User;cc_nocontact;system;CC_NoContact;US/Central;US/Central;en_US;;Asd123!.;;;;;;;Team:OpenScape UC App;;;;
User;cc_falseextid;system;cc_falseExtID;US/Central;US/Central;en_US;;Asd123!.;;;;;;;Team:OpenScape UC App;;;;
##Contact;externalId;domain;assignedSymUserIdentity;lastName;givenName;middleName;displayName;alias;gender;salutation;title;companyName;department;building;room;homeURL;street;countryCode;stateOrProvince;city;postalCode;assignedEmail;assignedPhoneNumber;assignedHomePhone;assignedMobile;assignedFax;imAddress;vanityCode
Contact;cc_lockedattempts@system;system;cc_lockedattempts@system;cc_lockedAttempts;;;cc_lockedAttempts;;0;;;;;;;;;;;;;;;;;;cc_lockedAttempts;2256253328836787
Contact;cc_adminlock@system;system;cc_adminlock@system;cc_adminLock;;;;;0;;;;;;;;;;;;;;;;;;cc_adminLock;22236465625
Contact;cc_externalresource@system;system;cc_externalresource@system;CC_externalresource;;;;;0;;;;;;;;;;;;;;;;;;CC_externalresource;223983762573768723
Contact;cc_voicemail@system;system;cc_voicemail@system;CC_Voicemail;;;CC_Voicemail;;0;;;;;;;;;;;;;;;;;;CC_Voicemail;22864236245
Contact;cc_noons@system;system;cc_noons@system;CC_noons;;;CC_noons;;0;;;;;;;;;;;;;;;;;;CC_noons;2266667
Contact;cc_onsnoservices@system;system;cc_onsnoservices@system;CC_onsNoServices;;;CC_onsNoServices;;0;;;;;;;;;;;;;;+302108189054;;;;CC_onsNoServices;226676673784237
Contact;cc_onsnoinout@system;system;cc_onsnoinout@system;CC_onsNoInOut;;;CC_onsNoInOut;;0;;;;;;;;;;;;;;+302108189052;;;;CC_onsNoInOut;226676646688
Contact;cc_cstabutnoons@system;system;cc_cstabutnoons@system;CC_CSTAbutNoONS;;;CC_CSTAbutNoONS;;0;;;;;;;;;;;;;;+302108189051;;;;CC_CSTAbutNoONS;22278228866667
Contact;cc_pass@system;system;cc_pass@system;CC_pass;;;CC_pass;;0;;;;;;;;;;;;;;+302108189053;;;;CC_pass;227277
Contact;cc_resourceok@system;system;cc_resourceok@system;cc_resourceOK;;;cc_resourceOK;;0;;;;;;;;;;;;;;+302108189055;;;;cc_resourceOK;227376872365
Contact;cc_falseextid@system;system;cc_falseextid@system;cc_falseExtID;;;;;0;;;;;;;;;;;;;;;;;;cc_falseExtID;223257339843
##ExternalId;externalId;assignedUserIdentity;assignedExternalSystemId;isContactMaster;isProvisioningMaster;additionalInfo
ExternalId;cc_lockedattempts@system;cc_lockedattempts@system;contactSystem;true;false;
ExternalId;cc_adminlock@system;cc_adminlock@system;contactSystem;true;false;
ExternalId;cc_externalresource@system;cc_externalresource@system;contactSystem;true;false;
ExternalId;cc_onsnoservices@system;cc_onsnoservices@system;contactSystem;true;false;
ExternalId;cc_noons@system;cc_noons@system;contactSystem;true;false;
ExternalId;cc_pass@system;cc_pass@system;consistency;false;false;
ExternalId;cc_pass@system;cc_pass@system;contactSystem;true;false;
ExternalId;cc_onsnoinout@system;cc_onsnoinout@system;contactSystem;true;false;
ExternalId;cc_voicemail@system;cc_voicemail@system;contactSystem;true;false;
ExternalId;cc_resourceok@system;cc_resourceok@system;contactSystem;true;false;
ExternalId;cc_cstabutnoons@system;cc_cstabutnoons@system;contactSystem;true;false;
ExternalId;cc_falseextid@system;cc_falseextid@system;notconsistency;false;false;
ExternalId;cc_falseextid@system;cc_falseextid@system;contactSystem;true;false;
