##AllocatedPhone;id;domain;displayName;normalizedNumber;;;;;;;;;;;;;;;;;;;;;;;;
d:AllocatedPhone;123654789\;phone-context\=private.PNP_UNKNOWN;system;CC_externalresource;123654789\;phone-context\=private.PNP_UNKNOWN;;;;;;;;;;;;;;;;;;;;;;
##User;id;domain;displayName;currentTimeZone;homeTimeZone;defaultLocale;vanityCodeString;password;pin;assignedPhone8kNumber;assignedPhone8kAltId;assignedPhone4kNumber;assignedPhone4kAltId;publishedResource;assignedProfile;assignedVoicemail;preferredDeviceAndTarget;allocatedPhone;assignedCallQueue;;;;;;;;;
d:User;cc_lockedattempts;system;cc_lockedAttempts;US/Central;US/Central;en_US;;Asd123!.;;;;;;;Team:OpenScape UC App\,CMP Login:Symphonia;;;;;;;;;;;;;
d:User;cc_adminlock;system;cc_adminLock;US/Central;US/Central;en_US;;Asd123!.;;;;;;;Team:OpenScape UC App;;;;;;;;;;;;;
d:User;cc_externalresource;system;CC_externalresource;US/Central;US/Central;en_US;;Asd123!.;;;;;;;Team:OpenScape UC App;;;123654789\;phone-context\=private.PNP_UNKNOWN;;;;;;;;;
d:User;cc_onsnoservices;system;CC_onsNoServices;US/Central;US/Central;en_US;;Asd123!.;;3,02108E+11;3,02108E+11;;;3,02108E+11;Team:OpenScape UC App;;3,02108E+11;;;;;;;;;;;
d:User;cc_noons;system;CC_noons;US/Central;US/Central;en_US;;Asd123!.;;3,02108E+11;3,02108E+11;;;;Team:OpenScape UC App;;;;;;;;;;;;;

d:User;cc_onsnoinout;system;CC_onsNoInOut;US/Central;US/Central;en_US;;Asd123!.;;3,02108E+11;3,02108E+11;;;3,02108E+11;Team:OpenScape UC App;;3,02108E+11;;;;;;;;;;;
d:User;cc_voicemail;system;CC_Voicemail;US/Central;US/Central;en_US;;Asd123!.;;;;;;;Team:OpenScape UC App;555;;;;;;;;;;;;
d:User;cc_resourceok;system;cc_resourceOK;US/Central;US/Central;en_US;;Asd123!.;;3,02108E+11;3,02108E+11;;;3,02108E+11;Team:OpenScape UC App;;3,02108E+11;;;;;;;;;;;
d:User;cc_cstabutnoons;system;CC_CSTAbutNoONS;US/Central;US/Central;en_US;;Asd123!.;;3,02108E+11;3,02108E+11;;;3,02108E+11;Team:OpenScape UC App;;3,02108E+11;;;;;;;;;;;
d:User;cc_nocontact;system;CC_NoContact;US/Central;US/Central;en_US;;Asd123!.;;;;;;;Team:OpenScape UC App;;;;;;;;;;;;;
d:User;cc_falseextid;system;cc_falseExtID;US/Central;US/Central;en_US;;Asd123!.;;;;;;;Team:OpenScape UC App;;;;;;;;;;;;;
##Contact;externalId;domain;assignedSymUserIdentity;lastName;givenName;middleName;displayName;alias;gender;salutation;title;companyName;department;building;room;homeURL;street;countryCode;stateOrProvince;city;postalCode;assignedEmail;assignedPhoneNumber;assignedHomePhone;assignedMobile;assignedFax;imAddress;vanityCode
d:Contact;cc_lockedattempts@system;system;cc_lockedattempts@system;cc_lockedAttempts;;;cc_lockedAttempts;;0;;;;;;;;;;;;;;;;;;cc_lockedAttempts;2,25625E+15
d:Contact;cc_adminlock@system;system;cc_adminlock@system;cc_adminLock;;;;;0;;;;;;;;;;;;;;;;;;cc_adminLock;22236465625
d:Contact;cc_externalresource@system;system;cc_externalresource@system;CC_externalresource;;;;;0;;;;;;;;;;;;;;;;;;CC_externalresource;2,23984E+17
d:Contact;cc_voicemail@system;system;cc_voicemail@system;CC_Voicemail;;;CC_Voicemail;;0;;;;;;;;;;;;;;;;;;CC_Voicemail;22864236245
d:Contact;cc_noons@system;system;cc_noons@system;CC_noons;;;CC_noons;;0;;;;;;;;;;;;;;;;;;CC_noons;2266667
d:Contact;cc_onsnoservices@system;system;cc_onsnoservices@system;CC_onsNoServices;;;CC_onsNoServices;;0;;;;;;;;;;;;;;3,02108E+11;;;;CC_onsNoServices;2,26677E+14
d:Contact;cc_onsnoinout@system;system;cc_onsnoinout@system;CC_onsNoInOut;;;CC_onsNoInOut;;0;;;;;;;;;;;;;;3,02108E+11;;;;CC_onsNoInOut;2,26677E+11
d:Contact;cc_cstabutnoons@system;system;cc_cstabutnoons@system;CC_CSTAbutNoONS;;;CC_CSTAbutNoONS;;0;;;;;;;;;;;;;;3,02108E+11;;;;CC_CSTAbutNoONS;2,22782E+13

d:Contact;cc_resourceok@system;system;cc_resourceok@system;cc_resourceOK;;;cc_resourceOK;;0;;;;;;;;;;;;;;3,02108E+11;;;;cc_resourceOK;2,27377E+11
d:Contact;cc_falseextid@system;system;cc_falseextid@system;cc_falseExtID;;;;;0;;;;;;;;;;;;;;;;;;cc_falseExtID;2,23257E+11
##ExternalId;externalId;assignedUserIdentity;assignedExternalSystemId;isContactMaster;isProvisioningMaster;additionalInfo;;;;;;;;;;;;;;;;;;;;;;
d:ExternalId;cc_lockedattempts@system;cc_lockedattempts@system;contactSystem;TRUE;FALSE;;;;;;;;;;;;;;;;;;;;;;;
d:ExternalId;cc_adminlock@system;cc_adminlock@system;contactSystem;TRUE;FALSE;;;;;;;;;;;;;;;;;;;;;;;
d:ExternalId;cc_externalresource@system;cc_externalresource@system;contactSystem;TRUE;FALSE;;;;;;;;;;;;;;;;;;;;;;;
d:ExternalId;cc_onsnoservices@system;cc_onsnoservices@system;contactSystem;TRUE;FALSE;;;;;;;;;;;;;;;;;;;;;;;
d:ExternalId;cc_noons@system;cc_noons@system;contactSystem;TRUE;FALSE


d:ExternalId;cc_onsnoinout@system;cc_onsnoinout@system;contactSystem;TRUE;FALSE
d:ExternalId;cc_voicemail@system;cc_voicemail@system;contactSystem;TRUE;FALSE
d:ExternalId;cc_resourceok@system;cc_resourceok@system;contactSystem;TRUE;FALSE
d:ExternalId;cc_cstabutnoons@system;cc_cstabutnoons@system;contactSystem;TRUE;FALSE
d:ExternalId;cc_falseextid@system;cc_falseextid@system;notconsistency;FALSE;FALSE
d:ExternalId;cc_falseextid@system;cc_falseextid@system;contactSystem;TRUE;FALSE
