##VoiceMail;id;domain;displayName;normalizedNumber
d:VoiceMail;555;system;;555
##User;id;domain;displayName;currentTimeZone;homeTimeZone;defaultLocale;vanityCodeString;password;pin;assignedPhone8kNumber;assignedPhone8kAltId;assignedPhone4kNumber;assignedPhone4kAltId;publishedResource;assignedProfile;assignedVoicemail;preferredDeviceAndTarget;allocatedPhone;assignedCallQueue
d:User;cc_pass;system;CC_pass;US/Central;US/Central;en_US;;Asd123!.;;+302108189053;302108189053;;;+302108189053;Team:OpenScape UC App;555;+302108189053;;
##Contact;externalId;domain;assignedSymUserIdentity;lastName;givenName;middleName;displayName;alias;gender;salutation;title;companyName;department;building;room;homeURL;street;countryCode;stateOrProvince;city;postalCode;assignedEmail;assignedPhoneNumber;assignedHomePhone;assignedMobile;assignedFax;imAddress;vanityCode
d:Contact;cc_pass@system;system;cc_pass@system;CC_pass;;;CC_pass;;0;;;;;;;;;;;;;;+302108189053;;;;CC_pass;227277
##ExternalId;externalId;assignedUserIdentity;assignedExternalSystemId;isContactMaster;isProvisioningMaster;additionalInfo
d:ExternalId;cc_pass@system;cc_pass@system;contactSystem;true;false;
d:ExternalId;cc_pass@system;cc_pass@system;consistency;false;false;