<suite name="4K Nodes" parallel="false" fileFragmentationLevel="2">
  <listeners>  
    <listener class-name="org.uncommons.reportng.HTMLReporter" />  
  </listeners> 

 <parameter name="HP4KNode_name" value="CMP_selfManaged_Auto" />
 <parameter name="HP4KManager_name" value="CMP_Manager_Auto" />
 <parameter name="HP4KNode_IP" value="10.1.253.12" />
 <parameter name="HP4KManager_IP" value="10.1.253.107" />
 <parameter name="HP4KManaged_IP1" value="10.11.250.61" />
 <parameter name="HP4KManaged_CSTA" value="10.1.252.99" />
 <parameter name="HP4KManaged_IP2" value="10.1.253.104" />
 <parameter name="HP4K_username" value="engr" />
 <parameter name="Managed0001" value="V6_managed"/>
 <parameter name="Managed0002" value="CMP_Automation"/>
 <parameter name="UpgradedNodeName" value="CMP_Upgrade_Auto"/>
 <parameter name="UpgradedNodeIP" value="10.3.253.2"/>
 
 <parameter name="HP4K_password" value="Dipbsia_01" />
 
  <test name="01-HiPath4000 Nodes UI"><classes><class name="com.nodes.HiPath4000_Nodes.HP4K01_4KNodesUI"/></classes></test>
  <test name="02-Add HiPath400 Nodes"><classes><class name="com.nodes.HiPath4000_Nodes.HP4K02_Add4KNodes"/></classes></test>
  <test name="03-HiPath4000 Node Validators"><classes><class name="com.nodes.HiPath4000_Nodes.HP4K03_Validators"/></classes></test>
  <test name="04-Edit HiPath4000 Nodes"><classes><class name="com.nodes.HiPath4000_Nodes.HP4K04_Edit4KselfManaged"/></classes></test>
  <test name="05-Edit HiPath4000 Managed Nodes"><classes><class name="com.nodes.HiPath4000_Nodes.HP4K05_Edit4KManaged"/></classes></test>
  <test name="06-Verify Synchronization"><classes><class name="com.nodes.HiPath4000_Nodes.HP4K06_CheckSynchronization"/></classes></test>
  <test name="07-4K manager dashboard"><classes><class name="com.nodes.HiPath4000_Nodes.HP4K07_CheckManagerUI"/></classes></test>
  <test name="08-Upgrade from V4"><classes><class name="com.nodes.HiPath4000_Nodes.HP4K08_AddUpgradedNode"/></classes></test>
  <test name="09-Verify Upgrade"><classes><class name="com.nodes.HiPath4000_Nodes.HP4K09_UpgradedNodeVerifications"/></classes></test>
  <test name="10 - Check that all 3000 4K subs are synchronisesd at CMP_Managed"><classes><class name="com.nodes.HiPath4000_Nodes.HP4K10_check4KResourcesSynchronisedCorrectly"/></classes></test>
  
</suite> 