<suite name="4K Node Preparation" parallel="false" fileFragmentationLevel="2">
  <listeners>  
    <listener class-name="org.uncommons.reportng.HTMLReporter" />  
  </listeners> 

 <parameter name="HP4KNode_IP" value="10.1.253.12" />
 <parameter name="HP4KManager_IP" value="10.1.253.107" />
 <parameter name="HP4KManaged_IP1" value="10.11.250.61" />
 <parameter name="HP4KManaged_IP2" value="10.1.253.104" />
 <parameter name="UpgradedNodeIP" value="10.3.253.2"/>
 <parameter name="HP4K_username" value="engr" />
 <parameter name="HP4K_password" value="Dipbsia_01" />
 
  <test name="01-Prepare 4K environment"><classes><class name="com.nodes.HiPath4000_Nodes.HP4K_Preconfig"/></classes></test>
</suite>