<suite name="4K Devices" parallel="false" fileFragmentationLevel="2">
  <listeners>  
    <listener class-name="org.uncommons.reportng.HTMLReporter" />  
  </listeners> 
  <test name="00 4K Resources - check Prefixes"><classes><class name="com.devices.devices_4K.A00_check4KPrefixes"/></classes></test>
  <test name="01 4K Resources - check Office Code UI"><classes><class name="com.devices.devices_4K.A01_checkOfficeCodeUI"/></classes></test>
  <test name="02 4K Resources - check overlap for complete office code"><classes><class name="com.devices.devices_4K.A02_changeoverlapofcompleteofficecode"/></classes></test>
  <test name="03 4K Resources - check edit distribution of NP"><classes><class name="com.devices.devices_4K.A03_editDistributionofPrivateNP"/></classes></test>
  <test name="04 4K Resources - check edit distribution of NP make it fail"><classes><class name="com.devices.devices_4K.A04_editDistributionofOfPrivateNP_Fail"/></classes></test>
  <test name="05 4K Resources - check overlap of private NP"><classes><class name="com.devices.devices_4K.A05_editOverlapOfPrivateNP"/></classes></test>
  <test name="06 4K Resources - check 4K filtering"><classes><class name="com.devices.devices_4K.A06_checkFilteringOf4KVoiceSubs"/></classes></test>
  </suite>