<suite name="Alarm and Fault Log" parallel="false" fileFragmentationLevel="2" preserve-order="true">
<listeners>  
   <listener class-name="org.uncommons.reportng.HTMLReporter" />  
 </listeners> 

 <test name="01-Active Alarms Page"><classes><class name="com.alarms_and_faults.activeAlarms.A01_ActiveAlarmsPage"/></classes></test>
 <test name="02-View Alarm"><classes><class name="com.alarms_and_faults.activeAlarms.A011_ActiveAlarmEdit"/></classes></test>
 <test name="03-Active Alarms Filter Page"><classes><class name="com.alarms_and_faults.activeAlarms.A02_ActiveAlarmsAdvanceFilterPage"/></classes></test>
 <test name="04-Active Alarms Filter"><classes><class name="com.alarms_and_faults.activeAlarms.A03_ActiveAlarmsAdvanceFilter"/></classes></test>
 <test name="05-Active Alarms Mask/Unmasked"><classes><class name="com.alarms_and_faults.activeAlarms.A04_ActiveAlarms_MaskUnmasked"/></classes></test>
 <test name="06-Active Alarms Acknowledge"><classes><class name="com.alarms_and_faults.activeAlarms.A05_ActiveAlarms_Acknowledge"/></classes></test>
 <test name="07-Acknowledge verify"><classes><class name="com.alarms_and_faults.activeAlarms.A055_ActiveAlarms_AcknowledgeVerify"/></classes></test>
 <test name="08-Active Alarms Unacknowledge"><classes><class name="com.alarms_and_faults.activeAlarms.A06_ActiveAlarms_Unacknowledge"/></classes></test>
 <test name="09-Active Alarms Clear"><classes><class name="com.alarms_and_faults.activeAlarms.A07_ActiveAlarms_Clear"/></classes></test>
 <test name="10-Alarm Log Page"><classes><class name="com.alarms_and_faults.activeAlarms.B01_AlarmLogPage"/></classes></test>
 <test name="11-Alarm Log Filter Page"><classes><class name="com.alarms_and_faults.activeAlarms.B02_AlarmLogAdvanceFilterPage"/></classes></test>
 <test name="12-Alarm Log Filter"><classes><class name="com.alarms_and_faults.activeAlarms.B03_AlarmLogAdvanceFilter"/></classes></test>
 <!--
<test name="11-Fault Log Page"><classes><class name="com.alarms_and_faults.activeAlarms.C01_FaultLogPage"/></classes></test>
<test name="12-Fault Log FilterPage"><classes><class name="com.alarms_and_faults.activeAlarms.C02_FaultLogFilterPage"/></classes></test>
 -->
 </suite>