<suite name="Address Translation St Routing" parallel="false" fileFragmentationLevel="2" preserve-order="true">
  <listeners>  
    <listener class-name="org.uncommons.reportng.HTMLReporter" />  
  </listeners> 
 <test name="01-ADSR add"><classes><class name="com.addressTranslation.addressTranslation_stRouting.ADSR_01_addStrationRouting"/></classes></test>
 <test name="02-ADSR edit"><classes><class name="com.addressTranslation.addressTranslation_stRouting.ADSR_02_editStationRoute"/></classes></test>
 <test name="03-ADSR validations"><classes><class name="com.addressTranslation.addressTranslation_stRouting.ADSR_022_StationRouteValidations"/></classes></test>
 <test name="04-ADSR delete"><classes><class name="com.addressTranslation.addressTranslation_stRouting.ADSR_03_deleteStationRoute"/></classes></test>
 </suite>