<suite name="Address Translation Contexts" parallel="false" fileFragmentationLevel="2" preserve-order="true">
  <listeners>  
    <listener class-name="org.uncommons.reportng.HTMLReporter" />  
  </listeners> 
 <test name="01 ATC UI"><classes><class name="com.addressTranslation.addressTranslation_Contexts.ATC_01_createContextUI"/></classes></test>
 <test name="02 ATC Validators"><classes><class name="com.addressTranslation.addressTranslation_Contexts.ATC_02_createContextValidators"/></classes></test>
 <test name="03 ATC add"><classes><class name="com.addressTranslation.addressTranslation_Contexts.ATC_03_createContext"/></classes></test>
 <test name="04 ATC test Translation"><classes><class name="com.addressTranslation.addressTranslation_Contexts.ATC_033_TestTranslation"/></classes></test>
 <test name="05 ATC add duplicate"><classes><class name="com.addressTranslation.addressTranslation_Contexts.ATC_04_createContext_duplicate"/></classes></test>
 <test name="06 ATC edit"><classes><class name="com.addressTranslation.addressTranslation_Contexts.ATC_05_editContext"/></classes></test>
 <test name="07 ATC sort"><classes><class name="com.addressTranslation.addressTranslation_Contexts.ATC_06_sortContext"/></classes></test>
 <test name="08 ATC assign to UC user"><classes><class name="com.addressTranslation.addressTranslation_Contexts.ATC_07_assignContext_toUCuser"/></classes></test>
 <test name="09 ATC assign to UM user"><classes><class name="com.addressTranslation.addressTranslation_Contexts.ATC_08_assignContext_toUMuser"/></classes></test>
 <test name="10 ATC assign to Locality"><classes><class name="com.addressTranslation.addressTranslation_Contexts.ATC_09_assignContext_toLocality"/></classes></test>
 <test name="11 ATC assign to Phone"><classes><class name="com.addressTranslation.addressTranslation_Contexts.ATC_10_assignContext_toPhone"/></classes></test>
 <test name="12 Address Translation Contexts delete"><classes><class name="com.addressTranslation.addressTranslation_Contexts.ATC_11_deleteContext"/></classes></test>
 </suite>