<suite name="Admin Users" parallel="false" fileFragmentationLevel="2">
  <listeners>  
    <listener class-name="org.uncommons.reportng.HTMLReporter" />  
  </listeners> 
 <parameter name="loginName" value="automation_loginname" /> 
 <parameter name="lastname" value="automation_lastname" /> 
 <parameter name="loginpassword" value="Asd123!." /> 
 <parameter name="loginPassword_confirm" value="Asd123!." />
 <parameter name="altered_loginpassword" value="zaq1XSW@'" /> 
 <parameter name="altered_loginPassword_confirm" value="zaq1XSW@'" />
 <parameter name="profile1" value="profilename=Super+Administrator|=appname=CMP"/>
 <parameter name="profile2" value="profilename=Administrator|=appname=Symphonia"/>
 <parameter name="loginName_UTF8" value="νέος.χρήστης" /> 
 <parameter name="lastname_UTF8" value="όνομα.επώνυμο" /> 
  <test name="01-Validate CMP Login Screen"><classes><class name="com.users.adminUsers.AU01_CMP_LoginScreen"/></classes></test>
  <test name="02-Add Admin User"><classes><class name="com.users.adminUsers.AU02_AddAdminUser"/></classes></test> 
  <test name="03-Validate Admin User Creation"><classes><class name="com.users.adminUsers.AU03_ValidateAdminUserCreation"/></classes></test> 
  <test name="04-Validate Default Profile of Admins"><classes><class name="com.users.adminUsers.AU04_ValidateUnassignOfDefaultProfile"/></classes></test> 
  <test name="05-Assign Profile, set password to change"><classes><class name="com.users.adminUsers.AU05_AssignProfiles_SetChgPasswdNextLogin"/></classes></test> 
  <test name="06-Login with assigned profiles, change password at login"><classes><class name="com.users.adminUsers.AU06_LoginWithSFWProf_ChgPasswdAtLogin"/></classes></test> 
  <test name="07-Manually Lock, unlock Admin"><classes><class name="com.users.adminUsers.AU07_LockUnlockUser_ValidateLogin"/></classes></test> 
  <test name="08-Failed Attempts Lock, unlock Admin"><classes><class name="com.users.adminUsers.AU08_FailedAttemptsLockUnlockUser_ValidateLogin"/></classes></test> 
  <test name="09-UTF8 Admin with XSS password"><classes><class name="com.users.adminUsers.AU09_UTF8AdminUser_XSSpassword"/></classes></test> 
  <test name="10-Sort Admins"><classes><class name="com.users.adminUsers.AU10_SortAdminUsers"/></classes></test> 
  <test name="11-Multi Delete Admins"><classes><class name="com.users.adminUsers.AU11_Delete_MultiDelete_Admins"/></classes></test> 
  <test name="12-Assign LDAP and OS ILA profiles"><classes><class name="com.users.adminUsers.AU12_AssignToAdminUserLDAP_OSILAprofiles"/></classes></test> 
  <test name="13-Validate licenses consumption for LDAP and OS ILA profiles"><classes><class name="com.users.adminUsers.AU13_LicensesConsumption_LDAP_OSILA"/></classes></test> 
  <test name="14-Show bound licenses, release of licenses for LDAP and OS ILA profiles"><classes><class name="com.users.adminUsers.AU14_ShowBoundLicenses_ReleaseOfLicenses_LDAP_OSILA"/></classes></test> 
  <test name="15-UM user to become admin, delete admin"><classes><class name="com.users.adminUsers.AU15_ExistingUMuser_AddorDeleteAdminUserRights"/></classes></test> 
  <test name="16-UC user to become admin, delete admin"><classes><class name="com.users.adminUsers.AU16_ExistingUCuser_AddorDeleteAdminUserRights"/></classes></test> 
  <test name="17-Add and delete admin on subdomain"><classes><class name="com.users.adminUsers.AU17_AddDeleteAdminUser_OfSubdomain"/></classes></test> 
  <test name="18-Import Admin user with no Contact, no Password"><classes><class name="com.users.adminUsers.AU18_ImportAdminUser_nopassword_LastNameAutofill"/></classes></test> 
   </suite>
