<suite name="Alarm Destinations" parallel="false" fileFragmentationLevel="2">
  <listeners>  
    <listener class-name="org.uncommons.reportng.HTMLReporter" />  
  </listeners> 
 <test name="01-Alarm Destination Display"><classes><class name="com.alarms_and_faults.alarmDestinations.AAF01_AlarmDestinationsDisplay"/></classes></test>
 <test name="02-Alarm Destination Add"><classes><class name="com.alarms_and_faults.alarmDestinations.AAF02_AlarmDestinationsAdd"/></classes></test>
 <test name="03-Alarm Destination Edit"><classes><class name="com.alarms_and_faults.alarmDestinations.AAF03_AlarmDestinationsEdit"/></classes></test>
 <test name="04-Alarm Destination Sort"><classes><class name="com.alarms_and_faults.alarmDestinations.AAF04_AlarmDestinationsSort"/></classes></test>
 <test name="05-Alarm Destination Delete"><classes><class name="com.alarms_and_faults.alarmDestinations.AAF05_AlarmDestinationsDelete"/></classes></test>
  </suite>
