<suite name="Alarm Indicator" parallel="false" fileFragmentationLevel="2" preserve-order="true">
 <listeners>  
    <listener class-name="org.uncommons.reportng.HTMLReporter" />  
 </listeners> 
 <test name="01-Alarms Indicator Page"><classes><class name="com.alarmindicator.A01_AlarmIndicatorPage"/></classes></test>
 <test name="02-Alarms Indicator Page Validations"><classes><class name="com.alarmindicator.A02_AlarmIndicatorPage_Validations"/></classes></test>
 <test name="03-Alarms Indicator Links"><classes><class name="com.alarmindicator.A03_AlarmIndicatorLinks"/></classes></test>
 <test name="04-Alarm Indicator ClearAlarms"><classes><class name="com.alarmindicator.A04_AlarmIndicatorClearAlarms"/></classes></test>
</suite>