<suite name="Applications" parallel="false" fileFragmentationLevel="2" useDefaultListeners="false">
  <listeners>  
  <listener class-name="org.uncommons.reportng.HTMLReporter" />  
  </listeners>  
<test name="01-Application UI"><classes><class name="com.applications.AP01_ApplicationPageUI"/></classes></test>
<test name="02-Check Restart UC option"><classes><class name="com.applications.AP02_ApplicationRestartUCoption"/></classes></test>
<test name="03-Check External Applications"><classes><class name="com.applications.AP03_ApplicationPageUI_External"/></classes></test>
<test name="04-Check H4K List"><classes><class name="com.applications.AP04_ApplicationPageUI_H4K"/></classes></test>
</suite>