<suite name="Audit Logs" parallel="false" fileFragmentationLevel="2" preserve-order="true">
  <listeners>  
    <listener class-name="org.uncommons.reportng.HTMLReporter" />  
  </listeners> 
 <test name="01 General"><classes><class name="com.auditLogs.AL01_auditLogGeneral"/></classes></test>
 <test name="02 System Audit Logs"><classes><class name="com.auditLogs.AL02_systemAuditLogs"/></classes></test>
 <test name="03 System Audit Logs User Profile"><classes><class name="com.auditLogs.AL03_systemAuditLogs_UserProfiles"/></classes></test>
 <test name="04 Security Audit Logs"><classes><class name="com.auditLogs.AL04_securityAuditLogs"/></classes></test>
 <test name="05 Security Audit Logs User Profile"><classes><class name="com.auditLogs.AL05_securityAuditLogs_UserProfiles"/></classes></test>
 
 </suite>