<suite name="Backup and Restore Schedule" parallel="false" fileFragmentationLevel="2" preserve-order="true">
	
  <listeners>  
    <listener class-name="org.uncommons.reportng.HTMLReporter" />  
  </listeners> 
 
 <test name="01-Backup Schedules Page"><classes><class name="com.recovery.BackRestore.F01_Schedules_Page"/></classes></test> 
 <test name="02-Backup Schedules Add"><classes><class name="com.recovery.BackRestore.F02_Schedules_Add"/></classes></test>
 <test name="03-Backup Schedules Add duplicate"><classes><class name="com.recovery.BackRestore.F03_Schedules_AddDuplicate"/></classes></test>
 <test name="04-Backup Schedules Verify Run"><classes><class name="com.recovery.BackRestore.F04_Schedules_AddVerifyRun"/></classes></test>
 <test name="05-Backup Schedules Edit"><classes><class name="com.recovery.BackRestore.F05_Schedules_Edit"/></classes></test>
 <test name="06-Backup Arhives Delete"><classes><class name="com.recovery.BackRestore.A05_Arhives_Delete"/></classes></test>
 <test name="07-Backup Schedules Delete"><classes><class name="com.recovery.BackRestore.F06_Schedules_Delete"/></classes></test>

 </suite>