<suite name="Backup and Restore" parallel="false" fileFragmentationLevel="2" preserve-order="true">
	
  <listeners>  
    <listener class-name="org.uncommons.reportng.HTMLReporter" />  
  </listeners> 
 
 <test name="01-Recovery test Page"><classes><class name="com.recovery.BackRestore.A01_RecoveryPage"/></classes></test>
 <test name="02-Archives Validators"><classes><class name="com.recovery.BackRestore.A02_Archives_Validators"/></classes></test>
 <test name="03-Archives Add"><classes><class name="com.recovery.BackRestore.A03_Archives_Add"/></classes></test>
 <test name="04-Archives Edit"><classes><class name="com.recovery.BackRestore.A04_Archives_Edit"/></classes></test>
 <test name="05-BackUp Page"><classes><class name="com.recovery.BackRestore.D01_BackUp_Page"/></classes></test>
 <test name="06-BackUp Create HD"><classes><class name="com.recovery.BackRestore.D02_BackUp_Create"/></classes></test>
 <test name="07-BackUp Create FTP"><classes><class name="com.recovery.BackRestore.D03_BackUp_Create_FTP"/></classes></test>
 <test name="08-BackUp Sets Page"><classes><class name="com.recovery.BackRestore.B01_BackUpSetsPage"/></classes></test> 
 <test name="09-BackUp Sets Filter"><classes><class name="com.recovery.BackRestore.B02_BackUpSetsFilter"/></classes></test>
 <test name="10-BackUp Sets ShowContent"><classes><class name="com.recovery.BackRestore.B03_BackUpSetsShowContent"/></classes></test>
 <test name="11-Latest Job Status Page"><classes><class name="com.recovery.BackRestore.C01_LatestJobStatusPage"/></classes></test> 
 <test name="12-Arhives Backupsets"><classes><class name="com.recovery.BackRestore.A04_Arhives_ViewBSnTest"/></classes></test> 
 <test name="13-Restore Page"><classes><class name="com.recovery.BackRestore.E01_Restore_Page"/></classes></test> 
 <test name="14-Restore HD"><classes><class name="com.recovery.BackRestore.E02_Restore_Restore"/></classes></test>
 <test name="15-Restore FTP"><classes><class name="com.recovery.BackRestore.E02_Restore_Restore_FTP"/></classes></test>
 <test name="16-Restore HD from BackUp Sets"><classes><class name="com.recovery.BackRestore.E02_Restore_Restore_FromBackUpSets"/></classes></test>
 <test name="17-Back Up Sets Delete"><classes><class name="com.recovery.BackRestore.B04_BackUpSetsDelete"/></classes></test>
 </suite>