<suite name="Bulk deletion of UM Users" parallel="false" fileFragmentationLevel="2">
  <listeners>  
    <listener class-name="org.uncommons.reportng.HTMLReporter" />  
  </listeners> 
  <test name="01-Delete UM User PopUp"><classes><class name="com.users.usersAndResources.bulkActions.bulkDelete.BLKDLTUM01_DeletePopUp"/></classes></test> 
  <test name="02-Delete UM Users report"><classes><class name="com.users.usersAndResources.bulkActions.bulkDelete.BLKDLTUM02_DeleteReport"/></classes></test> 
  <test name="03-Cancel UM User Deletion"><classes><class name="com.users.usersAndResources.bulkActions.bulkDelete.BLKDLTUM03_CancelDeletion"/></classes></test> 
  <test name="04-Delete UM Users and Resources"><classes><class name="com.users.usersAndResources.bulkActions.bulkDelete.BLKDLTUM04_DeleteResources"/></classes></test>
  <test name="05-Delete UM Users but unassign Resources"><classes><class name="com.users.usersAndResources.bulkActions.bulkDelete.BLKDLTUM05_UnassignResources"/></classes></test>  
  </suite>
