<suite name="User Templates Bulk actions" parallel="false" fileFragmentationLevel="2" preserve-order="true">
  <listeners>  
    <listener class-name="org.uncommons.reportng.HTMLReporter" />  
  </listeners> 
 <test name="00_Configuration"><classes><class name="com.users.usersAndResources.bulkActions.bulkresourcescreation.A00_userTemplates_Configuration"/></classes></test>
 <test name="01_Bulk Actions UI "><classes><class name="com.users.usersAndResources.bulkActions.bulkresourcescreation.A01_bulkActions_UI"/></classes></test>
 <test name="02 ADD OSV"><classes><class name="com.users.usersAndResources.bulkActions.bulkresourcescreation.A02_bulkActions_OSV"/></classes></test>
 <test name="03 ADD OSV in use"><classes><class name="com.users.usersAndResources.bulkActions.bulkresourcescreation.A03_bulkActions_OSV_INUSE"/></classes></test>
 <test name="04 ADD OSV not in locality"><classes><class name="com.users.usersAndResources.bulkActions.bulkresourcescreation.A04_bulkActions_OSV_NOLocality"/></classes></test>
 <test name="05 ADD OSV DN not found"><classes><class name="com.users.usersAndResources.bulkActions.bulkresourcescreation.A05_bulkActions_OSV_NODN"/></classes></test>
 <test name="06 ADD OSV with Different input for LastName or userID in UTF8"><classes><class name="com.users.usersAndResources.bulkActions.bulkresourcescreation.A06_bulkActions_OSV_DisplayName"/></classes></test>
 <test name="07 ADD OSV disabled Locality"><classes><class name="com.users.usersAndResources.bulkActions.bulkresourcescreation.A07_bulkActions_OSV_LocalityDisabled"/></classes></test>
 <test name="08 ADD OSV no Bus Phone in Template"><classes><class name="com.users.usersAndResources.bulkActions.bulkresourcescreation.A08_bulkActions_OSV_NoBusPhone"/></classes></test>
 <test name="09 ADD OSV Bus Phone GNF"><classes><class name="com.users.usersAndResources.bulkActions.bulkresourcescreation.A09_bulkActions_OSV_FormatBusPhone"/></classes></test>
 <test name="10 ADD OSV no OSV"><classes><class name="com.users.usersAndResources.bulkActions.bulkresourcescreation.A10_bulkActions_OSV_NoOSV"/></classes></test>
 <test name="11 ADD OSV Default Locality"><classes><class name="com.users.usersAndResources.bulkActions.bulkresourcescreation.B01_bulkActions_OSV_NOLocalityDefaultLocality"/></classes></test>
 <test name="12 ADD OSV DL DisplayName"><classes><class name="com.users.usersAndResources.bulkActions.bulkresourcescreation.B02_bulkActions_OSV_DefaultLocalityDisplayName"/></classes></test>
 <test name="13 ADD OSV DL Disabled"><classes><class name="com.users.usersAndResources.bulkActions.bulkresourcescreation.B03_bulkActions_OSV_DefaultLocalityDisabled"/></classes></test>
 <test name="14 ADD OSV DL Not Conf for OSV"><classes><class name="com.users.usersAndResources.bulkActions.bulkresourcescreation.B04_bulkActions_OSV_DefaultLocalityNotConfiguredforOSV"/></classes></test>
 <test name="15 ADD OSV DL missMatch OC for OSV"><classes><class name="com.users.usersAndResources.bulkActions.bulkresourcescreation.B05_bulkActions_OSV_DefaultLocalityNoMatchOCforOSV"/></classes></test>
 <test name="16 ADD OSV-UC"><classes><class name="com.users.usersAndResources.bulkActions.bulkresourcescreation.C01_bulkActions_UC"/></classes></test>
 <test name="17 ADD OSV-UC with VM,ATC,GPW, validate IM field"><classes><class name="com.users.usersAndResources.bulkActions.bulkresourcescreation.C02_bulkActions_UCVoiceMailandATC"/></classes></test>
 <test name="17a ADD OSV-UC with VM,ATC, GPW fails because email1 is missing"><classes><class name="com.users.usersAndResources.bulkActions.bulkresourcescreation.C02a_bulkActions_UC_Email1IsMissing_GPWfails"/></classes></test>
 <test name="18 ADD OSV-UC with VM,ATC duplicate"><classes><class name="com.users.usersAndResources.bulkActions.bulkresourcescreation.C03_bulkActions_UC_AlreadyExists"/></classes></test>
 <test name="19 ADD OSV and UC"><classes><class name="com.users.usersAndResources.bulkActions.bulkresourcescreation.C04_bulkActions_UCnOSV"/></classes></test>
 <test name="20 ADD UC no UC Profile"><classes><class name="com.users.usersAndResources.bulkActions.bulkresourcescreation.C05_bulkActions_UCnoUCProfileExists"/></classes></test>
 <test name="21 ADD UC with XMPP domain"><classes><class name="com.users.usersAndResources.bulkActions.bulkresourcescreation.C06_bulkActions_UCwithXMPPdomainSet"/></classes></test>
 <test name="22 ADD UC with CSTA missing"><classes><class name="com.users.usersAndResources.bulkActions.bulkresourcescreation.C07_bulkActions_UCwithMissingCSTA"/></classes></test>
 <test name="23 ADD UC with bcfed attribute missing"><classes><class name="com.users.usersAndResources.bulkActions.bulkresourcescreation.C07a_bulkActions_UCwithMissingBcFederation"/></classes></test>
 <test name="24 ADD UC with ONS first OSV, OSV is not assigned"><classes><class name="com.users.usersAndResources.bulkActions.bulkresourcescreation.C07b_bulkActions_UC_thisOSV_noOSVisAssigned"/></classes></test>
 <test name="25 ADD UC when UC licenses are missing"><classes><class name="com.users.usersAndResources.bulkActions.bulkresourcescreation.C08_bulkActions_UCnoUCLicenseExists"/></classes></test>
 <test name="26 Add XPR resource"><classes><class name="com.userTemplates.A11_user_Templates_Assign_XPR_resources"/></classes></test>
 <test name="27 Add ALL resources produce a failure"><classes><class name="com.userTemplates.A12_user_Templetes_failure_when_assigning_ALL_resources_via_UT_to_basic_UM"/></classes></test>
 <test name="28 Add XPR and UC to UM with OSV"><classes><class name="com.userTemplates.A13_user_Templates_addResourcesFromToUMWithOSVResource"/></classes></test>
 <test name="29 Add OSV UC and UC INT to UM with XPR"><classes><class name="com.userTemplates.A14_user_Templates_AddResourcesToUMwithXPRResource"/></classes></test>
 <test name="30 Update conuser value and check log"><classes><class name="com.userTemplates.A15_user_Templates_add_resources_check_log"/></classes></test>
 <test name="31 Edit UT with OSV remove OSV add UC and check that UT does not disappear from main window"><classes><class name="com.userTemplates.A16_Add_UT_with_OSV_Edit_reset_OSV_and_ADD_UC_check_UT"/></classes></test>
 <test name="32 Bulk assign HP4k resources to 50 UM users"><classes><class name="com.users.usersAndResources.bulkActions.bulkresourcescreation.D00_bulkActions_assignHP4k_to50UMusers"/></classes></test>
 <test name="33 Bulk resource creation resumes progress for the same admin"><classes><class name="com.users.usersAndResources.bulkActions.bulkresourcescreation.D00a_BulkActionAlreadyStartedByAnotherAdmin"/></classes></test>
 <test name="34 Bulk resource creation is not allowed when it is already running by another admin"><classes><class name="com.users.usersAndResources.bulkActions.bulkresourcescreation.D00b_BulkActionAlreadyStartedByThisAdmin_resume"/></classes></test>
 <test name="35 Cancel bulk resource creation process"><classes><class name="com.users.usersAndResources.bulkActions.bulkresourcescreation.D00c_BulkAction_Cancel"/></classes></test>
 <test name="36 Bulk assign HP4k resource and then set this as ONS"><classes><class name="com.users.usersAndResources.bulkActions.bulkresourcescreation.D01_bulkActions_assignHP4k_firstUC_in2Steps"/></classes></test>
 <test name="37 Bulk assign HP4k and UC resource using this HP4k"><classes><class name="com.users.usersAndResources.bulkActions.bulkresourcescreation.D02_bulkActions_assignHP4k_thisUC_in1Step"/></classes></test>
 <test name="38 Bulk assign UC resource using first HP4k"><classes><class name="com.users.usersAndResources.bulkActions.bulkresourcescreation.D03_bulkActions_assignHP4k_firstUC_in1Step"/></classes></test>
 <test name="39 Validate bulk assign of HP4k and/or UC resource when BP is empty"><classes><class name="com.users.usersAndResources.bulkActions.bulkresourcescreation.D04_bulkActions_assignHP4k_validate_emptyBP"/></classes></test>
 <test name="40 Validate bulk assign of HP4k and/or UC resource when matching HP4k does not exist"><classes><class name="com.users.usersAndResources.bulkActions.bulkresourcescreation.D05_bulkActions_assignHP4k_validate_noMatching4K"/></classes></test>
 <test name="41 Validate bulk assign of UC with ONS first assigned HP4k while user has not HP4k assigned"><classes><class name="com.users.usersAndResources.bulkActions.bulkresourcescreation.D06_bulkActions_fistHP4kUC_validate_noHP4k_assigned"/></classes></test>
 <test name="42 ADD XPR via BP1, with Default Locality"><classes><class name="com.users.usersAndResources.bulkActions.bulkresourcescreation.X00_bulkActions_XPR_viaBP1_defaultLocality"/></classes></test>
 <test name="43 ADD XPR via BP2, with custom Locality"><classes><class name="com.users.usersAndResources.bulkActions.bulkresourcescreation.X01_bulkActions_XPR_viaBP2_Locality"/></classes></test>
 <test name="44 ADD XPR via BP fails, when BP is empty"><classes><class name="com.users.usersAndResources.bulkActions.bulkresourcescreation.X02_bulkActions_XPR_viaBP_validate_emptyBP"/></classes></test>
 <test name="45 ADD XPR via first OSV fails, when OSV is not already assigned"><classes><class name="com.users.usersAndResources.bulkActions.bulkresourcescreation.X03_bulkActions_XPR_viaExistingOSV_validate_noOSV"/></classes></test>
 <test name="46 ADD XPR fails, when mandatory local attributes are missing"><classes><class name="com.users.usersAndResources.bulkActions.bulkresourcescreation.X04_bulkActions_XPR_validate_LocalAttributesMissing"/></classes></test>
 <test name="47 ADD XPR via first OSV, when OSV is already assigned"><classes><class name="com.users.usersAndResources.bulkActions.bulkresourcescreation.X05_bulkActions_XPR_viaExistingOSV"/></classes></test>
 <test name="48 ADD OSV, XPR via this OSV, UC via this OSV"><classes><class name="com.users.usersAndResources.bulkActions.bulkresourcescreation.X06_bulkActions_OSV_XPR_viaThisOSV_UC_viaThisOSV"/></classes></test>
   </suite>