<suite name="Column Picker" parallel="false" fileFragmentationLevel="2" preserve-order="true">
  <listeners>  
  <listener class-name="org.uncommons.reportng.HTMLReporter" />  
  </listeners> 
 <test name="01-Column Picker UI"><classes><class name="com.users.usersAndResources.listFeatures.columnPicker.CP01_CheckUI"/></classes></test>
 <test name="02-Hide Columns"><classes><class name="com.users.usersAndResources.listFeatures.columnPicker.CP02_HideColumns"/></classes></test>
 <test name="03-Show Columns"><classes><class name="com.users.usersAndResources.listFeatures.columnPicker.CP03_ShowColumns"/></classes></test>
 <test name="04-Move UP Columns"><classes><class name="com.users.usersAndResources.listFeatures.columnPicker.CP04_MoveColumns"/></classes></test>
 <test name="05-Check Columns with Other User"><classes><class name="com.users.usersAndResources.listFeatures.columnPicker.CP05_CheckColumnsLoginOtherUser"/></classes></test>
</suite>