<suite name="Configuration Files" parallel="false" fileFragmentationLevel="2">
  <listeners>  
    <listener class-name="org.uncommons.reportng.HTMLReporter" />  
  </listeners> 
 <parameter name="uploadConfFile_filePath" value="configurationFiles\aaaa_selenium_log4j.xml" ></parameter>  
 <parameter name="uploadConfFile_fileName" value="aaaa_selenium_log4j.xml" />  
  <test name="01-Configuration Files UI"><classes><class name="com.configurationFiles.CF01_ConfigurationFiles_UI"/></classes></test>
  <test name="02-Stop Start CO and Trace"><classes><class name="com.configurationFiles.CF02_StopStartCO_Trace"/></classes></test>
  <test name="03-Sort Configuration Files"><classes><class name="com.configurationFiles.CF03_SortConfigurationFiles"/></classes></test>
  <test name="04-Validate  Upload of Conf File"><classes><class name="com.configurationFiles.CF04_ValidateUploadConfFile"/></classes></test>
  <test name="05-Upload of Conf File"><classes><class name="com.configurationFiles.CF05_UploadConfFile"/></classes></test>
  <test name="06-Validate Deletion Of Active File"><classes><class name="com.configurationFiles.CF06_ValidateDeletionOfActiveFile"/></classes></test>
  <test name="07-Activate Default Conf File"><classes><class name="com.configurationFiles.CF07_ActivateDefaultConfFile"/></classes></test>
  <test name="08-Download a Conf File"><classes><class name="com.configurationFiles.CF08_DownloadConfFile"/></classes></test>
  <test name="09-Delete Conf File"><classes><class name="com.configurationFiles.CF09_DeleteConfFile"/></classes></test>
  <test name="10-Activate Any Conf File"><classes><class name="com.configurationFiles.CF10_ActivateAnyConfFile"/></classes></test>
  <test name="11-Edit Appender Of Conf File"><classes><class name="com.configurationFiles.CF11_EditAppenderOfConfFile"/></classes></test>
  <test name="12-Validate Appender Of Conf File"><classes><class name="com.configurationFiles.CF12_ValidateAppenderOfConfFile"/></classes></test>
  </suite>