<suite name="Consistency Checker" parallel="false" fileFragmentationLevel="2" preserve-order="true">
  <listeners>  
    <listener class-name="org.uncommons.reportng.HTMLReporter" />  
  </listeners> 
 <test name="01-Consistency CheckerPage"><classes><class name="com.toolsutilities.consistencyChecker.C01_ConsistencyCheckerPage"/></classes></test>
 <test name="02-Consistency Checker Run"><classes><class name="com.toolsutilities.consistencyChecker.C02_ConsistencyChecker"/></classes></test>
 <test name="03-Check UC User Access Restrictions"><classes><class name="com.toolsutilities.consistencyChecker.C03_RestrictedUserAccess"/></classes></test>
 <test name="04-Check UC User Contact Information"><classes><class name="com.toolsutilities.consistencyChecker.C04_ContactVerification"/></classes></test>
 <test name="05-Check UC User Voicemail status"><classes><class name="com.toolsutilities.consistencyChecker.C05_VoicemailVerification"/></classes></test>
 <test name="06-Check UC User ExternalID status"><classes><class name="com.toolsutilities.consistencyChecker.C06_ExternalIDVerification"/></classes></test>
 <test name="07-Check UC User with External resource assigned"><classes><class name="com.toolsutilities.consistencyChecker.C07_ExternalResource"/></classes></test>
 <test name="08-Check UC User with ONS resource"><classes><class name="com.toolsutilities.consistencyChecker.C08_ONSVerification"/></classes></test>
 <test name="09-Check UC User for ONS features' status"><classes><class name="com.toolsutilities.consistencyChecker.C09_ServiceStatusVerification"/></classes></test>
 <test name="10-Check UC User for correctly assigned resource"><classes><class name="com.toolsutilities.consistencyChecker.C10_ResourceVerification"/></classes></test>
 <test name="11-Check UC User Successful Run"><classes><class name="com.toolsutilities.consistencyChecker.C11_PassConfiguration"/></classes></test>
 <test name="12-Check report when no default ATC exists"><classes><class name="com.toolsutilities.consistencyChecker.C12_checkNonExistingDefaultATC"/></classes></test>
 <test name="13-Check report when default ATC exists"><classes><class name="com.toolsutilities.consistencyChecker.C13_checkExistingDefaultATC"/></classes></test>
 <test name="14-Check report when incomplete ATC exists"><classes><class name="com.toolsutilities.consistencyChecker.C14_checkInCompleteATC"/></classes></test>
 <test name="15-Check Office Code completness"><classes><class name="com.toolsutilities.consistencyChecker.C15_UC_script_CompleteOCs"/></classes></test>
 </suite>