<suite name="Contacts" parallel="false" fileFragmentationLevel="2">
  <listeners>  
    <listener class-name="org.uncommons.reportng.HTMLReporter" />  
  </listeners> 
 <parameter name="DEFAULT_DOMAIN_NAME" value="system" />
 <parameter name="domain_level1" value="subdomain_01" />
 <parameter name="domain_level2" value="subdomain_02" />
 <parameter name="domain_level3" value="subdomain_03" />
 <parameter name="description_level1" value="Description01" />
 <parameter name="edited_description_level1" value="Edited Description" />
 <parameter name="contact" value="automation_last_name"/>
 <parameter name="contact_ver" value="link_ver_last_name"/>
 <parameter name="edit_contact" value="editted_last_name"/>
 <parameter value="288662846652786263288662846634778" name="vanity"/>
 <parameter value="+302106001000" name="ONS"/>
 
  <test name="01-Contacts UI"><classes><class name="com.contacts.CON01_ContactsUI"/></classes></test>
  <test name="02-Add Contact/Text verifications"><classes><class name="com.contacts.CON02_Add_Contact"/></classes></test>
  <test name="03-Edit Contact"><classes><class name="com.contacts.CON03_Edit_Contact"/></classes></test>
  <test name="04-Admin User-Contact relation"><classes><class name="com.contacts.CON04_Contact_AdminUser"/></classes></test>
  <test name="05-UM User-Contact relation"><classes><class name="com.contacts.CON05_Contact_UMUser"/></classes></test>
  <test name="06-UC Account-Contact relation"><classes><class name="com.contacts.CON06_Contact_UCAccount"/></classes></test>
  <test name="07-Contacts Filtering"><classes><class name="com.contacts.CON07_FilterContacts"/></classes></test>
  <test name="08-Delete Contacts"><classes><class name="com.contacts.CON08_DeleteContacts"/></classes></test>
  <test name="09-Private Contacts"><classes><class name="com.contacts.CON09_PrivateContactListUI"/></classes></test>
  <test name="10-Global Contacts"><classes><class name="com.contacts.CON10_GlobalContactListUI"/></classes></test>
  <test name="11-Contact_ONS relation"><classes><class name="com.contacts.CON11_UCAccount_ONS_Relation"/></classes></test>
</suite>