<suite name="Create 4K Resources" parallel="false" fileFragmentationLevel="2">
  <listeners>  
    <listener class-name="org.uncommons.reportng.HTMLReporter" />  
  </listeners> 
 
 <parameter name="HP4K_Self" value="CMP_selfManaged_Auto@10.1.253.12" />
 <parameter name="HP4K_Self_VirtualNode" value="20-1-102" />
 <parameter name="HP4K_Self_DialPlan" value="public_0@SYS2@CMP_selfManaged_Auto" />
 <parameter name="HP4K_Self_COSTemplate" value="Auto_SelfMng_UM_COS" />
 <parameter name="HP4K_Self_NOT_COSTemplate" value="Auto_SelfMng_UM_NOT_COS@10.1.253.12" />
 
 <parameter value="CMP_Automation@10.1.253.107" name="HP4K_Managed_1"/>
 <parameter value="1-3-35" name="HP4K_Managed_VirtualNode_1"/>
 <parameter value="public_0@0001@CMP_Manager_Auto" name="HP4K_Managed_DialPlan_1"/>
 <parameter value="Auto_Managed_V5_COS" name="HP4K_Managed_COSTemplate"/>
 <parameter name="HP4K_Managed_NOT_COSTemplate1" value="Auto_Managed_V5_NOT_COS@10.1.253.107" />
 <parameter name="HP4K_Managed_NOT_COSTemplate2" value="Auto_Managed_V6_NOT_COS@10.1.253.107" />
 
 <parameter value="V6_managed@10.1.253.107" name="HP4K_Managed_2"/>
 <parameter value="" name="HP4K_Managed_VirtualNode_2"/>
 <parameter value="" name="HP4K_Managed_DialPlan_2"/>
 
 <parameter value="+3121188833050" name="NormalizedNumber"/>
 
 
  <test name="01-UI check"><classes><class name="com.users.usersAndResources.resources.createH4KResource.C4K_01_UICheck"/></classes></test>
  <test name="02-Validators"><classes><class name="com.users.usersAndResources.resources.createH4KResource.C4K_02_Validators"/></classes></test>
  <test name="03-4K Browse Values"><classes><class name="com.users.usersAndResources.resources.createH4KResource.C4K_03_BrowseValues"/></classes></test>
  <test name="04-Fail resource creation"><classes><class name="com.users.usersAndResources.resources.createH4KResource.C4K_04_FailedCreation"/></classes></test>
</suite>