<suite name="Create OSV Resources" parallel="false" fileFragmentationLevel="2" useDefaultListeners="false">
  <listeners>  
  <listener class-name="org.uncommons.reportng.HTMLReporter" />  
  </listeners>  
<test name="01-Check Create OSV UI"><classes><class name="com.users.usersAndResources.resources.createOSVResource.A01_CreateOSVResource_UI"/></classes></test>
<test name="02-Check Validations"><classes><class name="com.users.usersAndResources.resources.createOSVResource.A02_CreateOSVResource_CheckValidation"/></classes></test>
<test name="03-Add UM with Public OSV"><classes><class name="com.users.usersAndResources.resources.createOSVResource.A03_CreateOSVResource_Public"/></classes></test>
<test name="04-Add UM with Private OSV"><classes><class name="com.users.usersAndResources.resources.createOSVResource.A04_CreateOSVResource_Private"/></classes></test>
<test name="05-Create Same Private OSV"><classes><class name="com.users.usersAndResources.resources.createOSVResource.A05_CreateOSVResource_Private_Duplicate"/></classes></test>
<test name="06-Verify Created resource"><classes><class name="com.users.usersAndResources.resources.createOSVResource.A06_EditOSVResource_Verify"/></classes></test>
<test name="07-Delete OSV Resources"><classes><class name="com.users.usersAndResources.resources.createOSVResource.A07_DeleteUMwithOSVResource"/></classes></test>

</suite>