<suite name="Import Users via CSV" parallel="false" fileFragmentationLevel="2" preserve-order="true">
  <listeners>  
    <listener class-name="org.uncommons.reportng.HTMLReporter" />  
  </listeners> 
 <parameter name="umlauts" value="FüßeLänge" /> 
 <test name="01-Import Users UI"><classes><class name="com.provisioning.ImportUsersviaCSV.A01_ImportUsersviaCSV"/></classes></test>
 <test name="02-Import Users Validations"><classes><class name="com.provisioning.ImportUsersviaCSV.A01_ImportUsersviaCSV_Validations"/></classes></test>
 <test name="03-Import Users Invalid csv files"><classes><class name="com.provisioning.ImportUsersviaCSV.A02_ImportUsersviaCSV_InvalidCSVFiles"/></classes></test>
 <test name="04-Import Users valid csv files"><classes><class name="com.provisioning.ImportUsersviaCSV.A03_ImportUsersviaCSV_ValidCSVFiles"/></classes></test>
 <test name="05-Import Users modify"><classes><class name="com.provisioning.ImportUsersviaCSV.A04_ImportUsersviaCSV_Modify"/></classes></test>
 <test name="06-Import 51 Users verify licenses"><classes><class name="com.provisioning.ImportUsersviaCSV.A05_ImportUsersviaCSV_50"/></classes></test>
 <test name="07-Import Users no locality"><classes><class name="com.provisioning.ImportUsersviaCSV.A06_ImportUsersviaCSV_Nolocality"/></classes></test>
 <test name="08-Import Users with locality"><classes><class name="com.provisioning.ImportUsersviaCSV.A07_ImportUsersviaCSV_withlocality"/></classes></test>
 <test name="09-Import User with locality with umlauts"><classes><class name="com.provisioning.ImportUsersviaCSV.A08_ImportUsersviaCSV_withUmlauts"/></classes></test>
 <test name="10-Import file that misses header row"><classes><class name="com.provisioning.ImportUsersviaCSV.A09_ImportUsersviaCSV_NoHeaderRow"/></classes></test>
 <test name="11-Import empty file"><classes><class name="com.provisioning.ImportUsersviaCSV.A10_ImportUsersviaCSV_EmptyFile"/></classes></test>
 </suite>