<suite name="Domain to BG mapping deactivated" parallel="false" fileFragmentationLevel="2">
  <listeners>  
    <listener class-name="org.uncommons.reportng.HTMLReporter" />  
  </listeners> 
  <test name="01-UM users local attributes listing"><classes><class name="com.mappingDomainToBG_Deactivated.MDB01_UM_OSVresource_localAttributes"/></classes></test>
  <test name="02-Localities local attributes listing"><classes><class name="com.mappingDomainToBG_Deactivated.MDB02_Locality_OSVresource_localAttributes"/></classes></test> 
  <test name="03-User Templates subscriber templates listing"><classes><class name="com.mappingDomainToBG_Deactivated.MDB03_UserTemplate_OSVresource_SubscriberTemp"/></classes></test>
  <test name="04-Voice Subscribers listing"><classes><class name="com.mappingDomainToBG_Deactivated.MDB04_VoiceSubscribers_Listing"/></classes></test> 
  <test name="05-UM user, manual public OSV resource creation"><classes><class name="com.mappingDomainToBG_Deactivated.MDB05_UM_ManualCreation_OSVResource_Public"/></classes></test> 
  <test name="06-UM user, bulk private OSV and UC resource creation"><classes><class name="com.mappingDomainToBG_Deactivated.MDB06_UM_BulkCreation_privateOSVandUCResource"/></classes></test> 
  <test name="07-UM user, Validate bulk private OSV and UC resource creation when BG and UT do not match"><classes><class name="com.mappingDomainToBG_Deactivated.MDB07_UM_BulkCreation_OSVresource_ValidateSTemplateNotMatchBG"/></classes></test> 
  </suite>
