<suite name="Domains" parallel="false" fileFragmentationLevel="2">
  <listeners>  
    <listener class-name="org.uncommons.reportng.HTMLReporter" />  
  </listeners> 
 
 <parameter name="DefaultRootDomain" value="system" />
 <parameter name="domain_name" value="subdomain_01" />
 <parameter name="domain_level2" value="subdomain_02" />
 <parameter name="domain_level3" value="subdomain_03" />
 <parameter name="password" value="Asd123!." /> 
 <parameter name="domain_description" value="Description01" />
 <parameter name="edited_description_level1" value="Edited Description" />
 <parameter name="defaultrna" value="12" />
 <parameter name="edittedrna" value="5" />
 <parameter name="defaultwgrp" value="0" />
 <parameter name="edittedwgrp" value="5" />
 
  <test name="01-Domains UI"><classes><class name="com.domains.D01_DomainsUI"/></classes></test>
  <test name="02-Add Domain/Text verifications"><classes><class name="com.domains.D02_AddDomain_Validations"/></classes></test>
  <test name="03-Add Domain"><classes><class name="com.domains.D02_AddDomain"/></classes></test>
  <test name="04-Edit Domain"><classes><class name="com.domains.D03_EditDomain"/></classes></test>
  <test name="05-Filter Domains"><classes><class name="com.domains.D04_FilterDomains"/></classes></test>
  <test name="06-Delete Domains"><classes><class name="com.domains.D05_DeleteDomains"/></classes></test>
  <test name="07-Validation Checks"><classes><class name="com.domains.D06_AddDomainValidator"/></classes></test>
  <test name="08-Subdomains"><classes><class name="com.domains.D07_Add_subdomains"/></classes></test>
</suite>