<suite name="Downloads" parallel="false" fileFragmentationLevel="2" preserve-order="true">
  <listeners>  
    <listener class-name="org.uncommons.reportng.HTMLReporter" />  
  </listeners> 
 <test name="01-Software UI"><classes><class name="com.downloads.A01_SoftwarePage"/></classes></test>
 <test name="02-Software Download"><classes><class name="com.downloads.A02_SoftwareUploadSoftware"/></classes></test>
 <test name="03-Software Sort"><classes><class name="com.downloads.A04_SoftwarePageSort"/></classes></test>
 <!--<test name="03-Software Download Arrows"><classes><class name="com.downloads.A03_SoftwareUploadSoftwareArrows"/></classes></test>-->
 <test name="04-Documentation UI"><classes><class name="com.downloads.B01_DocumentationPage"/></classes></test>
 <test name="05-Documentation Download"><classes><class name="com.downloads.B02_SoftwareUploadDocumentation"/></classes></test>
 </suite>