<suite name="Fault Management" parallel="false" fileFragmentationLevel="2">
  <listeners>  
    <listener class-name="org.uncommons.reportng.HTMLReporter" />  
  </listeners> 
  <test name="01 - check FM permission for CMP user"><classes><class name="com.faultManagement.A01_checkPermissionOfCMPUser"/></classes></test>
  <test name="02 - check FM profiles"><classes><class name="com.faultManagement.A02_checkOpenScapeFMProfiles"/></classes></test>
  <test name="03 - check that FM tab appears even though the user has no perms"><classes><class name="com.faultManagement.A03_checkThatFMOptionAppearsEvenThoughAdministratorDoesNotHaveRequiredPerms"/></classes></test>
  <test name="04 - check existence of xml file before creating a connection"><classes><class name="com.faultManagement.A05_checkExistenceOfxmlFileBeforeConfiguration"/></classes></test>
  <test name="05 - create a connection"><classes><class name="com.faultManagement.A04_createFMconnection"/></classes></test>
  <test name="06 - check existence of xml file after creating a connection"><classes><class name="com.faultManagement.A06_checkxmlFileAfterCreationOfConnection"/></classes></test>
  <test name="07 - edit FM connection"><classes><class name="com.faultManagement.A07_checkEditConnection"/></classes></test>
  <test name="08 - remove FM connection"><classes><class name="com.faultManagement.A09_removeFMconnection"/></classes></test>
  <test name="09 - try to access FM when no connection configured and check error msg"><classes><class name="com.faultManagement.A10_checkErrorMsgWhenAccessingFMWithNoConnectionConfiguration"/></classes></test>
  </suite>