<suite name="Foreign Users" parallel="false" fileFragmentationLevel="2">
  <listeners>  
    <listener class-name="org.uncommons.reportng.HTMLReporter" />  
    <listener class-name="org.uncommons.reportng.JUnitXMLReporter" />  
  </listeners> 
 <parameter name="browser" value="IE" /> 
 <parameter name="ip" value="adsaExt16.site" /> 
 <parameter name="administrator_loginName" value="administrator@system" /> 
 <parameter name="foreignUser_loginName" value="frgndomain_01@frgndomain_01" />
 <parameter name="password" value="Asd123!." /> 
 <parameter name="DEFAULT_DOMAIN_NAME" value="system" />
 <parameter name="domain_level1" value="frgndomain_01" />
 <parameter name="domain_level2" value="frgndomain_02" />
 <parameter name="domain_level3" value="frgndomain_03" />
 <parameter name="loginName" value="automation_loginname" /> 
 <parameter name="name" value="automation_name" /> 
 <parameter name="loginpassword" value="Asd123!." /> 
 <parameter name="loginPassword_confirm" value="Asd123!." />
 	<test name="01-Foreign Users UI"><classes><class name="com.foreign_users.FU01_ForeignUsersUI"/></classes></test>
	<test name="02-Add Foreign Users"><classes><class name="com.foreign_users.FU02_AddForeignUsers"/></classes></test>
	<test name="03-Edit Foreign Users"><classes><class name="com.foreign_users.FU03_EditForeignUsers"/></classes></test>
	<test name="04-Add Users through FU"><classes><class name="com.foreign_users.FU04_AddUserThroughFU"/></classes></test>
	<test name="05-Filtering and Sorting"><classes><class name="com.foreign_users.FU05_Filtering_Sorting"/></classes></test>
	<test name="06-Delete Foreign Users"><classes><class name="com.foreign_users.FU06_DeleteForeignUser"/></classes></test>
</suite>