<suite name="General CMP tests" parallel="false" fileFragmentationLevel="2">
  <listeners>  
    <listener class-name="org.uncommons.reportng.HTMLReporter" />  
  </listeners> 
  <test name="01-Verify that the main Help link is functional"><classes><class name="com.general.G01_checkHelpFile"/></classes></test>
  <test name="02-Parallel add, save of admins in one session"><classes><class name="com.general.G02_ParallelEditSaveActions_sameSession"/></classes></test> 
  <test name="03-Verify that the left side navigation group menus have the correct behavior"><classes><class name="com.general.G03_leftNavigationParentMenus_behaviour"/></classes></test> 
  <test name="04-Backslash and tags are allowed while interacting with admin users"><classes><class name="com.general.G04_CMPallows_backslash_tags_AdminUser"/></classes></test>
  <test name="05-Backslash and tags are allowed while interacting with UC users"><classes><class name="com.general.G05_CMPallows_backslash_tags_UCuser"/></classes></test> 
  <test name="06-Backslash and tags are allowed while interacting with UM users"><classes><class name="com.general.G06_CMPallows_backslash_tags_UMuser"/></classes></test> 
  <test name="07-Backslash and tags are not allowed on userIds and domain names"><classes><class name="com.general.G07_CMPvalidates_backslash_tags_on_UserID_onDomain"/></classes></test> 
  <test name="08-CMP automatically cleans up js changes after logout, login"><classes><class name="com.general.G08_checkAutomaticBrowserCleanUp_jqueryDotJs_changed"/></classes></test> 
  <test name="09-CMP automatically cleans up css changes after logout, login"><classes><class name="com.general.G09_checkAutomaticBrowserCleanUp_CMP_GeneralDotcss_changed"/></classes></test> 
  <test name="10-CMP page structure verification"><classes><class name="com.general.G10_VerifyPageStructure"/></classes></test>
  <test name="11-CMP is not vulnerable to Phishing attack"><classes><class name="com.general.G11_CMPvalidates_PhishingOnUrl"/></classes></test>
  <test name="12-As admin1 go to Localities. Verify that as admin2 welcome page is shown"><classes><class name="com.general.G12_loginAsAdminFromSecondExplorer"/></classes></test>
   </suite>
