<suite name="Hipath 4000 synchronisation" parallel="false" fileFragmentationLevel="2">
  <listeners>  
    <listener class-name="org.uncommons.reportng.HTMLReporter" />  
  </listeners> 
  <test name="01 - self managed check sync action"><classes><class name="com.nodes.Hipath4000Synchronisation.A01_selfManagedPressSyncCheckActionSuccessfull"/></classes></test>
  <test name="02 - self Managed Add station and Synchronize"><classes><class name="com.nodes.Hipath4000Synchronisation.A02_selfManagedAddStationPressSyncButton"/></classes></test>
  <test name="03 - self Managed delete 4K Add Again And Check Synchronization"><classes><class name="com.nodes.Hipath4000Synchronisation.A03_delete4KNodeAddAgainAndCheckSynchronisation"/></classes></test>
  <test name="04 - self Managed delete 4K station and do synchronization"><classes><class name="com.nodes.Hipath4000Synchronisation.A04_selfManagedDeleteStationPressSyncButton"/></classes></test>
  <test name="05 - self Managed add 4K office code and do synchronization"><classes><class name="com.nodes.Hipath4000Synchronisation.A05_selfManagedAddOfficeCodePressSyncButton"/></classes></test>
  <test name="06 - self Managed add 4K prefix and do synchronization"><classes><class name="com.nodes.Hipath4000Synchronisation.A06_selfManagedAddPrefixPressSyncButton"/></classes></test>
  <test name="07 - Managed remove node synchronise manager"><classes><class name="com.nodes.Hipath4000Synchronisation.A07_managed_RemoveNodeFromCMPSynchroniseManager"/></classes></test>
  <test name="08 - Managed add 4K station and do synchronization"><classes><class name="com.nodes.Hipath4000Synchronisation.A08_managedAddStationAndPressSyncOfManagerCheckVocieSubscribersList"/></classes></test>
  <test name="09 - Managed delete 4K office code,station and prefix and do synchronization"><classes><class name="com.nodes.Hipath4000Synchronisation.A09_managedDeleteStationPrefixOCAndCheckItHasBeenRestoredAfterSync"/></classes></test>
  <test name="10 - Managed add 4K prefix and do synchronization"><classes><class name="com.nodes.Hipath4000Synchronisation.A10_managedAddPrefixCheckSyncAction"/></classes></test>
  <test name="11 - Managed add 4K station and do synchronization"><classes><class name="com.nodes.Hipath4000Synchronisation.A11_addPrefix_synchronisingTheFirstManagedDoesNotAffectThesecond"/></classes></test>
  <test name="12 - Managed delete 4K office code,station and prefix and do synchronization"><classes><class name="com.nodes.Hipath4000Synchronisation.A12_addOC_synchronisingTheFirstManagedDoesNotAffectThesecond"/></classes></test>
  <test name="13 - Managed add 4K prefix and do synchronization"><classes><class name="com.nodes.Hipath4000Synchronisation.A13_addSTN_synchronisingTheFirstManagedDoesNotAffectTheSecond"/></classes></test>
  <test name="14 - Managed delete OC Prefix And Station from 1st managed delete from 2nd managed sync the first and check that data was not synchronised at the second 4K"><classes><class name="com.nodes.Hipath4000Synchronisation.A14_deleteData_synchronisingTheFirstManagedDoesNotAffectTheSecond"/></classes></test>
  </suite>