<suite name="Import Export Schedule" parallel="false" fileFragmentationLevel="2" preserve-order="true">
  <listeners>  
    <listener class-name="org.uncommons.reportng.HTMLReporter" />  
  </listeners> 
 <test name="01-Schedules Page"><classes><class name="com.recovery.ImportExport.C01_SchedulesPage"/></classes></test>
 <test name="02-Schedules Add"><classes><class name="com.recovery.ImportExport.C02_SchedulesAdd"/></classes></test>
 <test name="03-Schedules duplicate"><classes><class name="com.recovery.ImportExport.C03_SchedulesAdd_duplicate"/></classes></test>
 <test name="04-Schedules Verify Run"><classes><class name="com.recovery.ImportExport.C04_SchedulerAddVerify_Run"/></classes></test>
 <test name="05-Schedules Edit"><classes><class name="com.recovery.ImportExport.C05_SchedulesEdit"/></classes></test>
 <test name="06-Schedules Delete"><classes><class name="com.recovery.ImportExport.C06_SchedulesDelete"/></classes></test>

 </suite>