<suite name="Import Export" parallel="false" fileFragmentationLevel="2" preserve-order="true">
  <listeners>  
    <listener class-name="org.uncommons.reportng.HTMLReporter" />  
  </listeners> 
 <test name="01-Import UI"><classes>					<class name="com.recovery.ImportExport.A01_ImportPage"/></classes></test>
 <test name="02-Import"><classes>						<class name="com.recovery.ImportExport.A02_Import"/></classes></test>
 <test name="03-Import LatestJobStatus"><classes>		<class name="com.recovery.ImportExport.A03_ImportTestLatestJobStatus"/></classes></test>
 <test name="04-Import OSV,OBC"><classes>				<class name="com.recovery.ImportExport.A04_ImportOVData"/></classes></test>
 <test name="05-Import 1000 Users"><classes>			<class name="com.recovery.ImportExport.A05_Import1000Users"/></classes></test>
 <test name="06-Import dummy zip,csv files"><classes>	<class name="com.recovery.ImportExport.A05_Import1000Users"/></classes></test>
 <test name="07-Export test Page"><classes>				<class name="com.recovery.ImportExport.B01_ExportPage"/></classes></test>
 <test name="08-Export"><classes>						<class name="com.recovery.ImportExport.B02_Export"/></classes></test>
 <test name="09-Export LatestJobStatus">	<classes>	<class name="com.recovery.ImportExport.B03_ExportTestLatestJobStatus"/></classes></test>
 <test name="10-Export System Configuration"><classes>	<class name="com.recovery.ImportExport.B05_Export_SystemManagement"/></classes></test>
 <test name="11-Import System Configuration"><classes>	<class name="com.recovery.ImportExport.B06_Import_SystemManagement"/></classes></test>
 <test name="12-Download Last Export Admin"><classes>	<class name="com.recovery.ImportExport.B04_DownLoadLastExportLink_perAdmin"/></classes></test>
 </suite>