<suite name="Import Users via CSV HPUM" parallel="false" fileFragmentationLevel="2" preserve-order="true">
  <listeners>  
  <listener class-name="org.uncommons.reportng.HTMLReporter" />  
  </listeners> 
 <test name="01-Import HPUM UI"><classes><class name="com.provisioning.ImportUsersviaHPUM.A01_ImportHPUM_Validations"/></classes></test>
 <test name="02-Import HPUM No ValidFiles"><classes><class name="com.provisioning.ImportUsersviaHPUM.A02_ImportHPUM_FileValidate"/></classes></test>
 <test name="03-Import HPUM Users"><classes><class name="com.provisioning.ImportUsersviaHPUM.A03_ImportHPUM_ValidFile"/></classes></test>
 <test name="04-Import HPUM Users Cancel"><classes><class name="com.provisioning.ImportUsersviaHPUM.A04_ImportHPUM_Cancel"/></classes></test>
 <test name="05-Import HPUM_CSV Emty Lines"><classes><class name="com.provisioning.ImportUsersviaHPUM.A05_ImportHPUM_FileEmptyLine"/></classes></test>
 <test name="06-Import HPUM_Close Window"><classes><class name="com.provisioning.ImportUsersviaHPUM.A06_ImportHPUM_CloseWindow"/></classes></test>
 <test name="07-Import HPUM_SubDomain"><classes><class name="com.provisioning.ImportUsersviaHPUM.A07_ImportHPUM_Subdomain"/></classes></test>
</suite>