<suite name="Ldap Synchronization" parallel="false" fileFragmentationLevel="2" preserve-order="true">
  <listeners>  
    <listener class-name="org.uncommons.reportng.HTMLReporter" />  
  </listeners> 
 <test name="01-LDAP UI"><classes>                    <class name="com.provisioning.Ldap.A01_Ldap"/></classes></test>
 <test name="02-Connection UI"><classes>              <class name="com.provisioning.Ldap.A02_Ldap_Connection"/></classes></test>
 <test name="03-Connection Validations"><classes>     <class name="com.provisioning.Ldap.A03_Ldap_Connection_Validations"/></classes></test>
 <test name="04-Connection Add"><classes>             <class name="com.provisioning.Ldap.A04_Ldap_Connection_Add"/></classes></test>
 <test name="05-Attributes UI n Validations"><classes><class name="com.provisioning.Ldap.A05_Ldap_Attributes_UI"/></classes></test>
 <test name="06-Attributes to use Add"><classes>     <class name="com.provisioning.Ldap.A06_Ldap_Attributes_to_use_Add"/></classes></test>
 <test name="07-Attributes to use Verify"><classes>   <class name="com.provisioning.Ldap.A07_Ldap_Attributes_to_use_Verify"/></classes></test>
 <test name="08-Attributes to use Edit"><classes>     <class name="com.provisioning.Ldap.A08_Ldap_Attributes_to_use_Edit"/></classes></test>
 <test name="09-Attributes to use Delete"><classes>   <class name="com.provisioning.Ldap.A09_Ldap_Attributes_to_use_Delete"/></classes></test>
 <test name="10-Map attributes validations"><classes> <class name="com.provisioning.Ldap.B00_Ldap_Attributes_map_Validations"/></classes></test>-->
 <test name="11-Map mandatory attributes"><classes>   <class name="com.provisioning.Ldap.B01_Ldap_Attributes_map_AddMandatory"/></classes></test>
 <test name="12-Map all attributes"><classes>         <class name="com.provisioning.Ldap.B02_Ldap_Attributes_map_AddAll"/></classes></test>
 <test name="13-Map attributes sorted"><classes>      <class name="com.provisioning.Ldap.B03_Ldap_Attributes_map_Sort"/></classes></test>
 <test name="14-Synchronize now UI"><classes>         <class name="com.provisioning.Ldap.C01_Ldap_SynchronizeNow_UI"/></classes></test>
 <test name="15-Synchronize now"><classes>            <class name="com.provisioning.Ldap.C02_Ldap_SynchronizeNow"/></classes></test>
 <test name="16-Verify user and Source"><classes>     <class name="com.provisioning.Ldap.C03_Ldap_Synchronize_VerifyUser_VerifySrc"/></classes></test>
 <test name="17-Map attributes Edit"><classes>     	  <class name="com.provisioning.Ldap.B04_Ldap_Attributes_map_Edit"/></classes></test>
 <test name="18-Map attributes Delete"><classes>      <class name="com.provisioning.Ldap.B05_Ldap_Attributes_map_Delete"/></classes></test>
 <test name="19-Advanced attributes UI"><classes>     <class name="com.provisioning.Ldap.D01_Advanced_UI"/></classes></test>
 <test name="20-Advanced attributes Failures"><classes><class name="com.provisioning.Ldap.D02_AdvancedMappings_Failures"/></classes></test>
 <test name="21-Advanced attributes Success"><classes><class name="com.provisioning.Ldap.D03_AdvancedMappings_Success"/></classes></test>
 <test name="22-Advanced attributes Save"><classes>   <class name="com.provisioning.Ldap.D03_AdvancedMappings_Sucess_andSave"/></classes></test>
 <test name="23-Sync now verify Advanced"><classes>   <class name="com.provisioning.Ldap.C04_Ldap_Synchronize_VerifyAdvancedAttributes"/></classes></test>
 <test name="24-Value mappings UI"><classes>     	  <class name="com.provisioning.Ldap.D04_AdvancedMappings_ValueMappingUI"/></classes></test>
 <test name="25-Value mappings Validations"><classes> <class name="com.provisioning.Ldap.D05_AdvancedMappings_Validations"/></classes></test>
 <test name="26-Value mappings Add"><classes>		  <class name="com.provisioning.Ldap.D06_AdvancedMappings_ValueMapping_Add"/></classes></test>
 <test name="27-Value mappings Edit"><classes>        <class name="com.provisioning.Ldap.D07_AdvancedMappings_ValueMapping_Edit"/></classes></test>
 <test name="28-Value mappings Delete"><classes>	  <class name="com.provisioning.Ldap.D08_AdvancedMappings_ValueMapping_Delete"/></classes></test>
 <test name="29-Sync now verify mapping"><classes>	  <class name="com.provisioning.Ldap.C05_Ldap_Synchronize_VerifyValueMapping"/></classes></test>
 <test name="30-Schedule UI"><classes>           	  <class name="com.provisioning.Ldap.E01_Ldap_Schedule_UI"/></classes></test>
 <test name="31-Schedule Validations"><classes>   	  <class name="com.provisioning.Ldap.E02_Ldap_Schedule_Validators"/></classes></test> 
 <test name="32-Ldap Add Schedule"><classes>		  <class name="com.provisioning.Ldap.E03_Ldap_AddSchedule"/></classes></test> 
 <test name="33-Ldap Disabled Schedule"><classes>     <class name="com.provisioning.Ldap.E04_Ldap_Disabled_Schedule"/></classes></test> 
 <test name="34-Ldap Schedule"><classes>         	  <class name="com.provisioning.Ldap.E05_Ldap_Edit_Schedule"/></classes></test> 
 <test name="35-Ldap UserID Exists"><classes>		  <class name="com.provisioning.Ldap.C06_Ldap_Run_UserIDalreadyExists"/></classes></test>
 <test name="36-Ldap sync, create OSV resource"><classes> 									<class name="com.provisioning.Ldap.B06_Ldap_Attributes_map_OSVResource"/></classes></test>
 <test name="37-Ldap sync, create OSV and UC resource with ATC, VoiceMail, GPW and IM"><classes> 	<class name="com.provisioning.Ldap.B07_Ldap_Attributes_map_OSVandUCResource"/></classes></test>
 <test name="37a-Ldap sync, create OSV and UC resource with ATC, VoiceMail, GPW and IM via XMPP"><classes> 	<class name="com.provisioning.Ldap.B07a_Ldap_Attributes_map_OSVandUCResource_IMwithXMPPdomain"/></classes></test>
 <test name="37b-Ldap sync, validate UC resource, IM is empty"><classes> 							<class name="com.provisioning.Ldap.B07b_Ldap_Attributes_map_Validate_OSVandUCResource_IMismissing"/></classes></test>
 <test name="38-Ldap sync, validate pre-existence of UM user or OSV resource"><classes> 			<class name="com.provisioning.Ldap.B08_Ldap_Attributes_map_Validate_UserorOSVResource_AlreadyExists"/></classes></test>
 <test name="39-Ldap sync, validate not existent UT or locality"><classes> 							<class name="com.provisioning.Ldap.B09_Ldap_Attributes_map_Validate_TemplateOrLocalityDoesNotExist"/></classes></test>
 <test name="40-Ldap sync, validate empty mapped attributes for UT or locality"><classes> 			<class name="com.provisioning.Ldap.B10_Ldap_Attributes_map_Validate_emptyattributeForTemplateOrLocality"/></classes></test>
 <test name="41-Ldap sync, validate OSV resource, BP and OC do not match"><classes> 				<class name="com.provisioning.Ldap.B11_Ldap_Attributes_map_Validate_OSV_BusPhoneAndOCdoNotMatch"/></classes></test>
 <test name="42-Ldap sync, create OSV, Default Locality is configured, Display Name is bigger that 24 characters"><classes> 			<class name="com.provisioning.Ldap.B12_Ldap_Attributes_map_OSVResource_DefaultLocality_DisplayNameToBeTruncated"/></classes></test>
 <test name="43-Ldap sync, assign 4K, private via BP2"><classes> 									<class name="com.provisioning.Ldap.B13_Ldap_Attributes_map_4KResource_AssignPrivate_viaBP2"/></classes></test>
 <test name="44-Ldap sync, validate 4K assign, when BP is empty"><classes> 							<class name="com.provisioning.Ldap.B14_Ldap_Attributes_map_Validate_4K_BPempty"/></classes></test>
 <test name="44-Ldap sync, assign 4K and this UC, public via BP1"><classes> 						<class name="com.provisioning.Ldap.B15_Ldap_Attributes_map_4KResource_AssignPublic_ThisUC"/></classes></test>
 <test name="45-Ldap sync, validate 4K and this UC, when 4K does not exist"><classes> 				<class name="com.provisioning.Ldap.B16_Ldap_Attributes_map_Validate_4K_ThisUC_4KDoesNotExist"/></classes></test>
 <test name="46-Ldap sync, create XPR"><classes> 						<class name="com.provisioning.Ldap.B17_Ldap_Attributes_map_XPRResource"/></classes></test>
 <test name="47-Ldap sync, create OSV and XPR by this OSV"><classes> 				<class name="com.provisioning.Ldap.B18_Ldap_Attributes_map_OSVnXPR_thisOSV"/></classes></test>
 </suite>
