<suite name="Ldap Synchronization Advanced" parallel="false" fileFragmentationLevel="2" preserve-order="true">
  <listeners>  
    <listener class-name="org.uncommons.reportng.HTMLReporter" />  
  </listeners> 
  <test name="01-LDAP on new Domain"><classes>			 		<class name="com.provisioning.Ldap.F01_Ldap_Domain_Connection_Add"/></classes></test>
  <test name="02-Select attributes to use"><classes> 	 		<class name="com.provisioning.Ldap.F02_Ldap_Attributes_to_use_Add"/></classes></test>
  <test name="03-Map Attributes"><classes> 						<class name="com.provisioning.Ldap.F03_Ldap_Attributes_map_Add"/></classes></test>
  <test name="04-Synch verify photo"><classes> 			 		<class name="com.provisioning.Ldap.F04_Ldap_SynchronizeNow_verifyPhoto"/></classes></test>
  <test name="05-Verify users to be deleted UI"><classes>		<class name="com.provisioning.Ldap.F05_Ldap_SynchronizeNow_verifyUserstoBedeletedUI"/></classes></test>
  <test name="06-Verify users to be deleted"><classes>			<class name="com.provisioning.Ldap.F06_Ldap_SynchronizeNow_verifyUserstoBedeleted"/></classes></test>
  <test name="07-Delete users during Sync now"><classes>		<class name="com.provisioning.Ldap.F07_Ldap_SynchronizeNow_verifyUserstoBedeletedandDelete"/></classes></test>
  <test name="08-Schedule no meet threshold number"><classes>	<class name="com.provisioning.Ldap.G01_Ldap_AddScheduleAndDelete_nomeetThresholdNumber"/></classes></test>
  <test name="09-Schedule no meet threshold percentage"><classes><class name="com.provisioning.Ldap.G02_Ldap_AddScheduleAndDelete_nomeetThresholdPercentage"/></classes></test>
  <test name="10-Schedule meet threshold number"><classes>		<class name="com.provisioning.Ldap.G03_Ldap_AddScheduleAndDelete_meetThresholdNumber"/></classes></test>
  <test name="11-Schedule meet threshold percentage"><classes>  <class name="com.provisioning.Ldap.G04_Ldap_AddScheduleAndDelete_meetThresholdPercentage"/></classes></test>
  <test name="12-Sync and create devices"><classes>  			<class name="com.provisioning.Ldap.G05_Ldap_SynchronizeNow_CreateDevices"/></classes></test>
  <test name="13-Sync and delete devices"><classes>  			<class name="com.provisioning.Ldap.G06_Ldap_SynchronizeNow_DeleteDevices"/></classes></test>
  <test name="14-Sync user with UTF8 attributes"><classes>  	<class name="com.provisioning.Ldap.G07_Ldap_SynchronizeNow_UserInUTF8"/></classes></test>
  <test name="15-Ldap Connection Edit"><classes>				<class name="com.provisioning.Ldap.H01_Ldap_Connection_Edit"/></classes></test> 
  <test name="16-Ldap Mandatory Attributes Delete"><classes>	<class name="com.provisioning.Ldap.H02_Ldap_DeleteAttributes"/></classes></test>
 </suite>