<suite name="LDAP Connection" parallel="false" fileFragmentationLevel="2" preserve-order="true">
  <listeners>  
  <listener class-name="org.uncommons.reportng.HTMLReporter" />  
  </listeners> 
  
  <parameter name="LDAP_Automation" value="CMP_Automation_LDAP" />
  <parameter name="LDAP_AutomationIP" value="10.1.252.80" />
  <parameter name="LDAP_AutomationUsername" value="cn=administrator,cn=Users,dc=cmp,dc=ath,dc=gr" />
  <parameter name="LDAP_AutomationSearchBase" value="cn=Users,dc=cmp,dc=ath,dc=gr" />
  
 <test name="01 Check LDAP UI"><classes><class name="com.connections.LDAP.LDAP01_CheckUI"/></classes></test>
 <test name="02 LDAP Test Connection"><classes><class name="com.connections.LDAP.LDAP02_TestConnection"/></classes></test>
 <test name="03 LDAP Edit"><classes><class name="com.connections.LDAP.LDAP03_EditConnection"/></classes></test>
 <test name="04 Add Multiple LDAP Connections"><classes><class name="com.connections.LDAP.LDAP04_AddMultipleConnections"/></classes></test>
 <test name="05 Test connectivity"><classes><class name="com.connections.LDAP.LDAP05_CloneConnections"/></classes></test>
 <test name="06 Clone Connections-Verifications"><classes><class name="com.connections.LDAP.LDAP06_TestMultipleConnections"/></classes></test>
 <test name="07 Delete LDAP Connections - Sorting"><classes><class name="com.connections.LDAP.LDAP07_DeleteConnections"/></classes></test>
 <test name="08 Check Name change in Global Contacts"><classes><class name="com.connections.LDAP.LDAP08_CheckNameChange"/></classes></test>
 <test name="09 Test LDAP connection with special character at User name"><classes><class name="com.connections.LDAP.LDAP09_testConnectionWithSpecialCaracterAtUsername"/></classes></test>
 </suite>