<suite name="License" parallel="false" fileFragmentationLevel="2" preserve-order="true">
  <listeners>  
    <listener class-name="org.uncommons.reportng.HTMLReporter" />  
  </listeners> 
 <test name="01-License Information Page"><classes><class name="com.license.A01_LicensePage"/></classes></test>
 <test name="02-License Locking IDs Page"><classes><class name="com.license.A011_LicensePage_LockingIDs"/></classes></test>
 <test name="03-LicensePage Filter"><classes><class name="com.license.A02_LicenseFilter"/></classes></test>
 <test name="04-LicensePage Sort"><classes><class name="com.license.A03_LicenseSort"/></classes></test>
 <test name="05-Consume licenses"><classes><class name="com.license.A04_LicenseConsume"/></classes></test>
 <test name="06-Import 100 UM licenses"><classes><class name="com.license.A05_InsertLicenses"/></classes></test>
 <test name="07-Import invalid licenses files"><classes><class name="com.license.A06_InsertLicenses_Validation"/></classes></test>
 <test name="08-Check SSL"><classes><class name="com.license.B01_SubscriptionLicenseUsage"/></classes></test>
 <test name="09-Check SSL Permission"><classes><class name="com.license.B02_SubscriptionLicenseUsagePermission"/></classes></test>
 </suite>