<suite name="LimitNumberofSessions" parallel="false" fileFragmentationLevel="2">
  <listeners>  
    <listener class-name="org.uncommons.reportng.HTMLReporter" />  
  </listeners> 
  <test name="01-ChangeAdministratorValue-EnglishLogin"><classes><class name="com.DoD.limitNumberofSessions.A01_ChangeAdministratorValue_EN"/></classes></test>
  <test name="02-ChangeAdministratorValue-GermanLogin"><classes><class name="com.DoD.limitNumberofSessions.A02_ChangeAdministratorValue_DE"/></classes></test> 
  <test name="03-ChangeApplicationValue-EnglishLogin"><classes><class name="com.DoD.limitNumberofSessions.A03_ChangeApplicationValue"/></classes></test>
  <test name="04-ChangeApplicationValue-GermanLogin"><classes><class name="com.DoD.limitNumberofSessions.A04_ChangeApplicationValue_DE"/></classes></test>
</suite>