<suite name="List Of Admin Sessions" parallel="false" fileFragmentationLevel="2">
  <listeners>  
    <listener class-name="org.uncommons.reportng.HTMLReporter" />  
  </listeners> 
  <test name="01-UI of list of sessions, terminate current"><classes><class name="com.DoD.listOfAdminSessions.LAS01_ListOfSessions_terminate"/></classes></test>
  <test name="02-1 admin with 2 sessions from the same IP"><classes><class name="com.DoD.listOfAdminSessions.LAS02_OneAdmin_2Browsers_SameIP"/></classes></test>
  <test name="03-2 admins with 2 sessions from the same IP, sorting"><classes><class name="com.DoD.listOfAdminSessions.LAS03_TwoAdmins_2Browsers_SameIP"/></classes></test>
  <test name="04-Try to terminate an already expired session"><classes><class name="com.DoD.listOfAdminSessions.LAS04_TerminateAnAlreadyExpiredSession"/></classes></test>
  </suite>