<suite name="Localities" parallel="false" fileFragmentationLevel="2">
  <listeners>  
    <listener class-name="org.uncommons.reportng.HTMLReporter" />  
  </listeners> 

 <parameter name="automation_locality" value="automation_locality" />
 <parameter name="edited_locality" value="edited_locality" />
 <parameter name="automation_description" value="automation_description" />
 <parameter name="userloginname" value="LocalityLoginName" />
 <parameter name="userlastname" value="LocalityLastName" />
 <parameter name="userdisplayname" value="LocalityDisplayName" />
 <parameter name="DefaultLocality" value="Default Locality" />
 <parameter name="XPRNode" value="10.11.250.16-4444" />
 <parameter name="XPRPIN" value="1111" />
 <parameter name="OSVOfficeCode" value="30 (210) 8189" />
 <parameter name="OSVNumberingPlan" value="NP_CMP_Automation (Default)" />
 <parameter name="HP4KNode" value="CMP_selfManaged_Auto@10.1.253.12" />
 <parameter name="HP4KVirtualNode" value="20-1-101" />
 <parameter name="HP4KDialPlan" value="public_0@SYS2@CMP_selfManaged_Auto" />
 <parameter name="UCATC" value="Automation_ATC" />
 <parameter name="Voicemail1" value="111444777" />
 <parameter name="Voicemail2" value="222555888" />
 
 <parameter value="CMP_Automation@10.1.253.107" name="Verification_HP4K_node"/>
 <parameter value="1-3-35" name="Verification_HP4K_VirtualNode"/>
 <parameter value="public_0@0001@CMP_Manager_Auto" name="Verification_HP4K_DialPlan"/>
 <parameter value="30 (210) 8187" name="Verification_OSV_OC"/>
 <parameter value="NP_Private" name="Verification_OSV_NP"/>
 <parameter value="2222" name="Verification_XPRPIN"/>
 <parameter value="Verification_ATC" name="Verification_UCATC"/>

  <test name="01-Default Localities UI"><classes><class name="com.localities.DefaultLocality.DefaultLocality01_UI"/></classes></test>
  <test name="02-Delete Default Locality"><classes><class name="com.localities.DefaultLocality.DefaultLocality02_Delete_DefaultLocality"/></classes></test>
  <test name="03-Edit Default Locality"><classes><class name="com.localities.DefaultLocality.DefaultLocality03_Edit_DefaultLocality"/></classes></test>
  <test name="04-Assign Resources on Default Locality"><classes><class name="com.localities.DefaultLocality.DefaultLocality04_AddResources"/></classes></test>
  <test name="05-Verify Assignements"><classes><class name="com.localities.DefaultLocality.DefaultLocality05_VerifyUMUserResources"/></classes></test>
  <test name="06-Verify Deactivated Resources"><classes><class name="com.localities.DefaultLocality.DefaultLocality06_DeactivateResources"/></classes></test>
  <test name="07-Localities UI"><classes><class name="com.localities.Localities01_LocalitiesListUI"/></classes></test>
  <test name="08-Localities Validators"><classes><class name="com.localities.Localities02_Validators"/></classes></test>
  <test name="09-Edit Locality"><classes><class name="com.localities.Localities03_EditLocality"/></classes></test>
  <test name="10-Assign Locality"><classes><class name="com.localities.Localities04_AssignLocality"/></classes></test>
  <test name="11-Fitler Locality"><classes><class name="com.localities.Localities05_Filtering_Sorting"/></classes></test>
  <test name="12-Assign Resources on Locality"><classes><class name="com.localities.Localities06_AssignSort_Resources"/></classes></test>
  <test name="13-Deactivate Locality Resources"><classes><class name="com.localities.Localities08_DeactivateResources"/></classes></test>
  <test name="14-Activate Locality Resources"><classes><class name="com.localities.Localities09_ActivateResources"/></classes></test>
  <test name="15-Unassign Locality Resources"><classes><class name="com.localities.Localities10_UnassignResources"/></classes></test>
  <test name="16-Delete Localities"><classes><class name="com.localities.Localities11_DeleteLocalities"/></classes></test>
  <test name="17-Validate Locality Resources"><classes><class name="com.localities.DefaultLocality.DefaultLocality07_ResourceValidation"/></classes></test>
  <test name="18-Verify progress bars during locality updates"><classes><class name="com.localities.Localities12_ProgressBarReport"/></classes></test>
  
</suite>