<suite name="Media Server Connection" parallel="false" fileFragmentationLevel="2" preserve-order="true">
  <listeners>  
  <listener class-name="org.uncommons.reportng.HTMLReporter" />  
  </listeners> 
 <test name="01 Media Server UI"><classes><class name="com.connections.MS.MS01_MediaServerUI"/></classes></test>
 <test name="02 Media Server Add"><classes><class name="com.connections.MS.MS02_MediaServerAdd"/></classes></test>
 <test name="03 Media Server Edit"><classes><class name="com.connections.MS.MS03_MediaServerEdit"/></classes></test>
 <test name="04 Media Server Delete"><classes><class name="com.connections.MS.MS04_MediaServerDelete"/></classes></test>
 </suite>