<suite name="Migration Settings" parallel="false" fileFragmentationLevel="2">
  <listeners>  
    <listener class-name="org.uncommons.reportng.HTMLReporter" />  
  </listeners> 

 <parameter name="automation_locality" value="automation_locality" />
 <parameter name="HP4KNode" value="CMP_selfManaged_Auto@10.1.253.12" />
 <parameter value="V6_managed@10.1.253.107" name="Managed_HP4K_1"/>
 <parameter value="CMP_Automation@10.1.253.107" name="Managed_HP4K_2"/>
 <parameter name="HP4KManager_IP" value="10.1.253.107" />
 <parameter name="Template1" value="Sub_Template_FPA" />
 <parameter name="Template2" value="Sub_Template_FPB" />
 <parameter name="Template3" value="Sub_Template_NoFP" />
 <parameter name="Template4" value="Sub_Template_SWFP" />
 
  <test name="01-Migration Settings UI"><classes><class name="com.migration_settings.MSettings01_UI"/></classes></test>
  <test name="02-Add Mapping Configuration"><classes><class name="com.migration_settings.MSettings02_AddMapping"/></classes></test>
  <test name="03-Filter Mappings"><classes><class name="com.migration_settings.MSettings03_FilterMappings"/></classes></test>
  <test name="04-Delete Mappings"><classes><class name="com.migration_settings.MSettings04_DeleteMappings"/></classes></test>
  
</suite>