<suite name="Migrate Resources" parallel="false" fileFragmentationLevel="2">
  <listeners>  
    <listener class-name="org.uncommons.reportng.HTMLReporter" />  
    <listener class-name="org.uncommons.reportng.JUnitXMLReporter" />  
  </listeners> 

 <parameter name="DEFAULT_DOMAIN_NAME" value="system" />
 <parameter name="profile_name" value="automation_CMP" />
 <parameter name="Filter_profile" value="automation" />
 <parameter name="Filter_application" value="CMP" />
 <parameter name="copy_profile_name" value="Copy of automation_CMP"/>
 <parameter name="loginName" value="automation_userprofile"/> 
 <parameter name="lastname" value="automation_userprofile"/>
 <parameter name="loginpassword" value="Asd123!." />
 <parameter name="loginPassword_confirm" value="Asd123!." />
 
 <parameter value="Auto_Migrate" name="UserLoginName"/>
 <parameter value="+3021088881000" name="H4K_SelfManaged"/>
 <parameter value="+302106003500" name="H4K_Managed"/>
 <parameter value="+302106003501" name="Public4K"/>
 <parameter value="442109993400" name="Private4K"/>
 <parameter value="+302110113550" name="Overlap4K"/>
 <parameter value="NP_CMP_Automation (Default)" name="PublicOSV"/>
 <parameter value="NP_Private" name="PrivateOSV"/>
 <parameter value="NodeSep" name="ExternalID"/>
 <parameter name="Template1" value="Sub_Template_FPA" />
 <parameter name="Template2" value="Sub_Template_FPB" />
 <parameter name="Template3" value="Sub_Template_NoFP" />
 <parameter name="Template4" value="Sub_Template_SWFP" />
 <parameter value="Default Locality" name="DefaultLocality"/>
 <parameter value="Migrate" name="MigrateLocality"/>
 <parameter value="30 (210) 8189" name="OfficeCode1"/>
 <parameter value="30 (210) 8187" name="OfficeCode2"/>
 <parameter value="30 (210) 600" name="OfficeCode4KPublic"/>
 <parameter value="44 (210) 999" name="OfficeCode4KPrivate"/>
 <parameter value="30 (211) 011" name="OfficeCode4KOverlap"/>
 <parameter value="BO_Automation" name="Branch1"/>
 <parameter value="BO_AutoComp" name="Branch2"/> 
  
  <test name="01-Validate Migrate Resource Limitations"><classes><class name="com.users.usersAndResources.resources.migrateH4Kresources.MR_01_MigrateValidators"/></classes></test>
  <test name="02-Migrate Resource UI-DefaultValues"><classes><class name="com.users.usersAndResources.resources.migrateH4Kresources.MR_02_MigrateResourceUI"/></classes></test>
  <test name="03-Migrate Resource-Locality Interaction"><classes><class name="com.users.usersAndResources.resources.migrateH4Kresources.MR_03_LocalityValues"/></classes></test>
  <test name="04-Migrate Multiple Resources"><classes><class name="com.users.usersAndResources.resources.migrateH4Kresources.MR_04_MultipleResources"/></classes></test>
  <test name="05-Single Sign On to 4K resources"><classes><class name="com.users.usersAndResources.resources.migrateH4Kresources.SSO_01_4KResourceSingleSignOn"/></classes></test>
  <test name="06-Failed Migration Verifications"><classes><class name="com.users.usersAndResources.resources.migrateH4Kresources.MR_05_FailedMigration"/></classes></test>
  </suite>
  