<suite name="MS Resources" parallel="false" fileFragmentationLevel="2" preserve-order="true">
<listeners>  
<listener class-name="org.uncommons.reportng.HTMLReporter" />  
</listeners> 
 <test name="01 Prefixes UI"><classes><class name="com.devices.msresources.A01_Prefixes_UI"/></classes></test>
 <test name="02 Prefixes Add"><classes><class name="com.devices.msresources.A02_Prefixes_Add"/></classes></test>
 <test name="03 Prefixes Show"><classes><class name="com.devices.msresources.A03_Prefixes_Show"/></classes></test>
 <test name="04 Office Code UI"><classes><class name="com.devices.msresources.B01_OfficeCodes_UI"/></classes></test>
 <test name="05 Office Code Add"><classes><class name="com.devices.msresources.B02_OfficeCodes_Add"/></classes></test>
 <test name="06 Office Code Show"><classes><class name="com.devices.msresources.B03_OfficeCodes_Show"/></classes></test>
 <test name="07 Conference Devices UI"><classes><class name="com.devices.msresources.C01_ConferenceDevices_UI"/></classes></test>
 <test name="08 Conference Devices Add"><classes><class name="com.devices.msresources.C02_ConferenceDevices_Add"/></classes></test>
 <test name="09 Conference Devices Filter"><classes><class name="com.devices.msresources.C03_ConferenceDevices_Filter"/></classes></test>
 <test name="10 Conference Devices Delete"><classes><class name="com.devices.msresources.C04_ConferenceDevices_Delete"/></classes></test>
 <test name="11 Office Code Delete"><classes><class name="com.devices.msresources.B05_OfficeCodes_Delete"/></classes></test>
 <test name="12 Prefixes Delete"><classes><class name="com.devices.msresources.A05_Prefixes_Delete"/></classes></test>
 </suite>