<suite name="Nodes" parallel="false" fileFragmentationLevel="2" useDefaultListeners="false">
  <listeners>  
  <listener class-name="org.uncommons.reportng.HTMLReporter" />  
  </listeners>  

 <test name="01-Nodes UI"><classes><class name="com.nodes.NP01_NodesPageUI"/></classes></test>
 <test name="02-3rd Party Nodes UI"><classes><class name="com.nodes.TP01_ThirdPartyNodesUI"/></classes></test>
 <test name="03-3rd Party Nodes Add"><classes><class name="com.nodes.TP02_ThirdPartyNodesAdd"/></classes></test>
 <test name="04-3rd Party Nodes Edit"><classes><class name="com.nodes.TP04_ThirdPartyNodesEdit"/></classes></test>
 <test name="05-3rd Party Nodes Sorting"><classes><class name="com.nodes.TP03_ThirdPartyNodesSorting"/></classes></test>
 <test name="06-3rd Party Nodes OpenLink"><classes><class name="com.nodes.TP05_ThirdPartyOpenLink"/></classes></test>
 <test name="07-Nodes Group UI"><classes><class name="com.nodes.NG01_NodesGroupUI"/></classes></test>
 <test name="08-Nodes Group Add"><classes><class name="com.nodes.NG02_NodesGroupAdd"/></classes></test>
 <test name="09-Nodes Group Edit"><classes><class name="com.nodes.NG03_NodesGroupEdit"/></classes></test>
 <test name="10-Nodes Group Sorting"><classes><class name="com.nodes.NG04_NodesGroupSorting"/></classes></test>
 <test name="11-Move Group UI"><classes><class name="com.nodes.MG01_MovetoGroupUI"/></classes></test>
 <test name="12-Move Group"><classes><class name="com.nodes.MG02_MovetoGroup"/></classes></test>
 <test name="13-Nodes Filtering"><classes><class name="com.nodes.NP03_NodesPageFilter"/></classes></test>
 <test name="14-Nodes DashBoards"><classes><class name="com.nodes.NP04_NodesPageDashBoard"/></classes></test>
 <test name="15-Snmp node"><classes><class name="com.nodes.S01_SNMP_UI"/></classes></test>
 <test name="16-Snmp node Add"><classes><class name="com.nodes.S02_SNMP_Add"/></classes></test>
 <test name="17-Snmp node Validations"><classes><class name="com.nodes.S02_SNMP_Add_Validations"/></classes></test>
 <test name="18-Snmp node Edit"><classes><class name="com.nodes.S03_SNMP_Edit"/></classes></test>
 <test name="19-Snmp node Dashboard"><classes><class name="com.nodes.S04_SNMP_Dashboard"/></classes></test>
 <test name="20-Nodes Sorting"><classes><class name="com.nodes.NP02_NodesPageSorting"/></classes></test>
 <test name="21-Groups Delete"><classes><class name="com.nodes.NG05_NodesGroupDelete"/></classes></test>
 <test name="22-3rd Party Nodes Delete"><classes><class name="com.nodes.TP06_ThirdPartyDelete"/></classes></test>
 <test name="23-Xpression UI"><classes><class name="com.nodes.X01_Xpression_UI"/></classes></test>
 <test name="24-Xpression Add"><classes><class name="com.nodes.X02_Xpression_Add"/></classes></test>
 <test name="25-Xpression Edit"><classes><class name="com.nodes.X03_Xpression_Edit"/></classes></test>
 <test name="26-Xpression dashboard UI check"><classes><class name="com.nodes.X04_XpressionDashboardCheckUI"/></classes></test>
 <test name="27-OSV Rapidstat UI check"><classes><class name="com.nodes.OSVRS_01_Check_node_health_UI"/></classes></test>
 </suite>