<suite name="Nodes removal" parallel="false" fileFragmentationLevel="2">
  <listeners>  
    <listener class-name="org.uncommons.reportng.HTMLReporter" />  
  </listeners> 
  <test name="01-remove non SSL SNMP"><classes><class name="com.nodes.nodesRemoval.A01_removalOfNonSSLSNMP"/></classes></test>
  <test name="02-remove SSL SNMP"><classes><class name="com.nodes.nodesRemoval.A02_removalOfSSLSNMP"/></classes></test> 
  <test name="03-remove XPR with resources assigned to UM user"><classes><class name="com.nodes.nodesRemoval.A03_removalOfXPRWithResourcesAssigned"/></classes></test>
  <test name="04-remove SSL XPR"><classes><class name="com.nodes.nodesRemoval.A04_removalOfSSLXPR"/></classes></test> 
  <test name="05-remove non SSL XPR"><classes><class name="com.nodes.nodesRemoval.A05_removalOfNonSSLXPR"/></classes></test>
  <test name="06-remove self managed with resources assigned"><classes><class name="com.nodes.nodesRemoval.A06_RemoveSelfManagedWithResourcesAssigned"/></classes></test> 
  <test name="07-remove 4K self managed"><classes><class name="com.nodes.nodesRemoval.A07_removalOf4KSelfManaged"/></classes></test> 
  <test name="08-remove manager when resources from managed are assigned"><classes><class name="com.nodes.nodesRemoval.A08_removeManagerWhenResourcesOfManagedAssisgned"/></classes></test> 
  <test name="09-remove managed with resources assigned"><classes><class name="com.nodes.nodesRemoval.A09_removeManagedWithResourceAssigned"/></classes></test> 
  <test name="10-remove Manager with ATCs assigned"><classes><class name="com.nodes.nodesRemoval.A10_removeManagedWithATCAssigned"/></classes></test> 
  <test name="11-remove Manager node"><classes><class name="com.nodes.nodesRemoval.A11_removeManager"/></classes></test>  
  <test name="12-Check that a 4K with UTF8 name can be saved"><classes><class name="com.nodes.HiPath4000_Nodes.HP4K11_AddNodeWithUTF8"/></classes></test>
  </suite>
