<suite name="Node icons" parallel="false" fileFragmentationLevel="2">
  <listeners>  
    <listener class-name="org.uncommons.reportng.HTMLReporter" />  
  </listeners> 
  <test name="01-Check icon for 4K self managed"><classes><class name="com.nodes.nodeIcons.A02_checkIconFor4KSelfManagedNode"/></classes></test>
  <test name="02-Check icon for manager node"><classes><class name="com.nodes.nodeIcons.A03_checkIconForManagerNode"/></classes></test> 
  <test name="03-Check icon for SSL XPR"><classes><class name="com.nodes.nodeIcons.A04_checkIconForSSLXPR"/></classes></test>
  <test name="04-Check icon for SSL SNMP"><classes><class name="com.nodes.nodeIcons.A05_checkIconForSSLSNMP"/></classes></test> 
  </suite>
