<suite name="Nodes grouping" parallel="false" fileFragmentationLevel="2">
  <listeners>  
    <listener class-name="org.uncommons.reportng.HTMLReporter" />  
  </listeners> 
  <test name="01 - Add note to XPR"><classes><class name="com.nodes.nodesGrouping.A01_NoteAdditionForXPRServer"/></classes></test>
  <test name="02 - Add note to SNMP"><classes><class name="com.nodes.nodesGrouping.A02_NoteAdditionForSNMPServer"/></classes></test> 
  <test name="03 - Add note to Manager and Managed"><classes><class name="com.nodes.nodesGrouping.A03_NoteAdditionForManagerManaged4K"/></classes></test>
  <test name="04 - Add note to self managed"><classes><class name="com.nodes.nodesGrouping.A04_NoteAdditionForSelfManaged"/></classes></test> 
  <test name="05 - Move xpr, snmp, 4K to group"><classes><class name="com.nodes.nodesGrouping.A05_MoveXprSnmp4KToGroup"/></classes></test> 
  <test name="06 - Move xpr To Group By Arrow when Only One Group is available"><classes><class name="com.nodes.nodesGrouping.A06_MoveToGroupByArrowAnXPRWhenOnlyOneGroupExists"/></classes></test>
  <test name="07 - SNMP cannot get added to two different groups"><classes><class name="com.nodes.nodesGrouping.A07_SNMPcannotGetAddedInTwoGroups"/></classes></test> 
  <test name="08 - Remove Nodes from a group via arrow and button"><classes><class name="com.nodes.nodesGrouping.A08_RemovalOfXPRSNMP4KfromaGroup"/></classes></test> 
  <test name="09 - Move nodes to group via arrow"><classes><class name="com.nodes.nodesGrouping.A09_MoveNodesToGroupViaArrow"/></classes></test>  
  <test name="10 - Deletion Of A Group does not delete the nodes of the other"><classes><class name="com.nodes.nodesGrouping.A10_deletionOfAgroupDoesNotRemoveNodesFromTheOther"/></classes></test>  
  </suite>
