<suite name="Non Functional tests" parallel="false" fileFragmentationLevel="2" useDefaultListeners="false">
  <listeners>  
  <listener class-name="org.uncommons.reportng.HTMLReporter" />  
  </listeners>  

<test name="01-De properties Files in UTF-8"><classes><class name="com.nonfunctionaltests.Non_UTF_depropertiesFiles"/></classes></test>
<test name="02-En properties Files in UTF-8"><classes><class name="com.nonfunctionaltests.Non_UTF_enpropertiesFiles"/></classes></test>
<test name="03-Duplicate keys in properties files"><classes><class name="com.nonfunctionaltests.duplicateKeysinPropertiesFiles"/></classes></test>
<test name="04-Reset administrator Password"><classes><class name="com.nonfunctionaltests.ResetAdminPasswd"/></classes></test>
<test name="05-Validate encode/decode Passphrase"><classes><class name="com.nonfunctionaltests.encode_decode_Passphrase_Validations"/></classes></test>
<test name="06-Encode/Decode Passphrase"><classes><class name="com.nonfunctionaltests.encodePassphrase"/></classes></test>
<test name="07-Set SuperAdmin Profile to Administrator"><classes><class name="com.nonfunctionaltests.setSuperAdminProfiletoAdministrator"/></classes></test>
<test name="08-Help files"><classes><class name="com.nonfunctionaltests.HelpFiles"/></classes></test>
<test name="09-CMP connector name"><classes><class name="com.nonfunctionaltests.CheckCMPConnectorName"/></classes></test>
</suite>