<suite name="OSV connections" parallel="false" fileFragmentationLevel="2">
  <listeners>  
    <listener class-name="org.uncommons.reportng.HTMLReporter" />  
  </listeners> 
  <test name="01-Add OSV connection"><classes><class name="com.connections.OSV.COSV01_AddOSVConnection"/></classes></test>
  <test name="02-Validate addition of OSV connection"><classes><class name="com.connections.OSV.COSV02_ValidateAddOSVConnection"/></classes></test>
  <test name="03-Edit OSV connection"><classes><class name="com.connections.OSV.COSV03_EditOSVConnection"/></classes></test>
  <test name="04-Delete OSV connection when no phones exist"><classes><class name="com.connections.OSV.COSV04_DeleteOSVConnection_noPhones"/></classes></test>
  <test name="05-Delete OSV connection when unassigned phones exist"><classes><class name="com.connections.OSV.COSV05_DeleteOSVConnection_UnassignedPhones"/></classes></test>
  <test name="06-Validate delete OSV connection when assigned phones exist"><classes><class name="com.connections.OSV.COSV06_Validate_DeleteOSVConnection_AssignedPhones"/></classes></test>
   </suite>
