<suite name="OSV Resources" parallel="false" fileFragmentationLevel="2">
  <listeners>  
    <listener class-name="org.uncommons.reportng.HTMLReporter" />  
  </listeners> 
  <test name="01 OSV Resources - check Office Codes UI"><classes><class name="com.devices.devices_OSV.R01_checkOfficeCodeUI"/></classes></test>
  <test name="02 OSV Resources - edit Office Code and Change To Complete"><classes><class name="com.devices.devices_OSV.R02_editOfficeCodeChangeToComplete"/></classes></test>
  <test name="03 OSV Resources _ edit Public and Complete Office Code"><classes><class name="com.devices.devices_OSV.R03_editPublicCompleteOfficeCode"/></classes></test> 
  <test name="04 OSV Resources _ edit Overlap Digits For a Private OC"><classes><class name="com.devices.devices_OSV.R04_editOverlapDigitsForPrivateOC"/></classes></test>
  <test name="05 OSV Resources _ edit Distribution Of Private OC"><classes><class name="com.devices.devices_OSV.R05_editDistributionOfPrivateOC"/></classes></test>
  <test name="06 OSV Resources _ edit Public OC change to Complete"><classes><class name="com.devices.devices_OSV.R06_editPublicOCMakeComplete"/></classes></test>
  <test name="07 OSV Resources _ public Dial Plans Synchronised As Non Complete"><classes><class name="com.devices.devices_OSV.R07_publicDialPlansSynchronisedAsNonCompleted"/></classes></test>
  <test name="08 OSV Resources _ Edit By Button a Public Prefix"><classes><class name="com.devices.devices_OSV.R08_EditByButtonPublicPrefix"/></classes></test>
  <test name="09 OSV Resources _ edit By Link a Public Prefix"><classes><class name="com.devices.devices_OSV.R09_editByLinkPubliPrefix"/></classes></test>
  <test name="10 OSV Resources _ private Dial Plans Synchronised As Non Complete"><classes><class name="com.devices.devices_OSV.R10_privateDialPlansSynchronisedAsNonComplete"/></classes></test>
  <test name="11 OSV Resources _ edit Private By Button"><classes><class name="com.devices.devices_OSV.R11_editPrivateByButton"/></classes></test>
  <test name="12 OSV Resources _ edit Private By Link"><classes><class name="com.devices.devices_OSV.R12_editPrivateByLink"/></classes></test>
  <test name="13 OSV Resources _ edit Complete Private And Public Prefix"><classes><class name="com.devices.devices_OSV.R13_editCompletePrivateAndPublicPrefix"/></classes></test>
  <test name="14 OSV Resources _ check UI of Voice Subscribers"><classes><class name="com.devices.devices_OSV.R14_checkUIofVoiceSubscribers"/></classes></test>
  <test name="15 OSV Resources _ check Filtering Of Voice Subs"><classes><class name="com.devices.devices_OSV.R15_checkFilteringOfVoiceSubs"/></classes></test>
  <test name="16 OSV Resources _ check Voice Sub For ONS Icon"><classes><class name="com.devices.devices_OSV.R16_checkVoiceSubForONSIcon"/></classes></test>
  <test name="17 OSV Resources _ add Translation Context"><classes><class name="com.devices.devices_OSV.R17_addTranslationContext"/></classes></test>
  <test name="18 OSV Resources _ check BCfed"><classes><class name="com.devices.devices_OSV.R18_checkBCfed"/></classes></test>
  <test name="19 OSV Resources _ check Virtual Node ID"><classes><class name="com.devices.devices_OSV.R19_checkVirtualNodeID"/></classes></test>
  </suite>