<suite name="Preferences" parallel="false" fileFragmentationLevel="2" preserve-order="true">
  <listeners>  
    <listener class-name="org.uncommons.reportng.HTMLReporter" />  
  </listeners> 
 <test name="01-System settings"><classes><class name="com.preferences.P01_initialChecksandVerifications"/></classes></test>
 <test name="02-Change Auto logOff Value"><classes><class name="com.preferences.P011_ChangeAutologOffValue"/></classes></test>
 <test name="03-General settings UI"><classes><class name="com.preferences.P02_generalSettings"/></classes></test>
 <test name="04-General settings Change"><classes><class name="com.preferences.P022_generalSettingsChange"/></classes></test>
 <test name="05-Change password"><classes><class name="com.preferences.P03_changePassword"/></classes></test>
 </suite>