<suite name="Remember Last Visited Page" parallel="false" fileFragmentationLevel="2" preserve-order="true">
  <listeners>  
    <listener class-name="org.uncommons.reportng.HTMLReporter" />  
  </listeners> 
 <test name="01 RLVP - NavigationBetween Configuration Maintenance and UM Tabs"><classes><class name="com.rememberLastVisitedPage.RLVP_01_navigationBetweenConfigurationMaintenanceAndUM"/></classes></test>
 <test name="011 RLVP - Navigation between Maintenance and UM tabs"><classes><class name="com.rememberLastVisitedPage.RLVP_011_navigationBetweenMaintenanceAndUM"/></classes></test>
 <test name="02 RLVP - Navigation within configuration tab"><classes><class name="com.rememberLastVisitedPage.RLVP_02_navigationWithinConfigurationPage"/></classes></test>
  <test name="022 RLVP - Navigation within maintenance page"><classes><class name="com.rememberLastVisitedPage.RLVP_022_navigationWithinMaintenancePage"/></classes></test>
 <test name="023 RLVP - Navigation within maintenance page with F5 pressing"><classes><class name="com.rememberLastVisitedPage.RLVP_023_navigationWithinMaintenanceTabPlusPressRefresh"/></classes></test>
 <test name="024 RLVP - Log out and in and check memory of remember last vesited page feature"><classes><class name="com.rememberLastVisitedPage.RLVP_024_logout_loginandcheckmemoryofRememberLastVisitedPage"/></classes></test>
  <test name="025 RLVP - Check that a pop up menu stays open when navigating back"><classes><class name="com.rememberLastVisitedPage.RLVP_025_checkthatpopupmenustaysopen"/></classes></test>
 <test name="03 RLVP - Log in as different user and check memory"><classes><class name="com.rememberLastVisitedPage.RLVP_03_loginAsDiffUsrChkMemory"/></classes></test>
 </suite>