<suite name="Remote Logging" parallel="false" fileFragmentationLevel="2" preserve-order="true">
  <listeners>  
    <listener class-name="org.uncommons.reportng.HTMLReporter" />  
  </listeners> 
 <test name="01 Remote Logging - Check UI"><classes><class name="com.remoteLogging.A00_CheckUI"/></classes></test>
 <test name="02 Remote Logging - Check Verifications"><classes><class name="com.remoteLogging.A01_checkVerifications"/></classes></test>
 <test name="03 Remote Logging - Set Parameters for send action"><classes><class name="com.remoteLogging.A02_checkSendActionSetParameters"/></classes></test>
 <test name="04 Remote Logging - Check results of send action"><classes><class name="com.remoteLogging.A03_checkSendActionResults"/></classes></test>
 <test name="05 Remote Logging - Check results of send action"><classes><class name="com.remoteLogging.A04_setWrongPwd"/></classes></test>
 <test name="06 Remote Logging - Check Alarm thrown and files send when wrong pswd is set"><classes><class name="com.remoteLogging.A05_checkAlarmandNoFilesSendAfterWrongPswdInsertion"/></classes></test>
 <test name="07 Remote Logging - Check Alarm thrown and files send when wrong IP is set"><classes><class name="com.remoteLogging.A06_enterWrongIPandCheckThatNoFilesAreSend"/></classes></test>
 <test name="08 Remote Logging - Check that specific permission exists for Remote Logging"><classes><class name="com.remoteLogging.A07_checkThatSpecificPermissionForRemoteLoggingExists"/></classes></test>
 </suite>
