<suite name="Repository" parallel="false" fileFragmentationLevel="2">
  <listeners>  
    <listener class-name="org.uncommons.reportng.HTMLReporter" />  
  </listeners> 
 <parameter name="repo_filePath_11" value="repository\TestRepository_V1.rpm" /> 
 <parameter name="repo_filePath_12" value="repository\TestRepository_V1.spa" /> 
 <parameter name="repo_filePath_21" value="repository\TestRepository_V2.rpm" /> 
 <parameter name="repo_filePath_22" value="repository\TestRepository_V2.spa" /> 
 
 <test name="01-Upload File"><classes><class name="com.repository.R01_UploadFile"/></classes></test>
 <test name="02-Validate Software Upload"><classes><class name="com.repository.R02_ValidateSoftwareUpload"/></classes></test> 
 <test name="03-Search Software Repository"><classes><class name="com.repository.R03_SearchSoftwareRepository"/></classes></test> 
 <test name="04-Sort Software Repository"><classes><class name="com.repository.R04_SortSoftwareRepository"/></classes></test> 
 <test name="05-Multi Deletion of Software Repository Products"><classes><class name="com.repository.R05_MultiDeleteSoftwareRepositoryProducts"/></classes></test> 
 </suite>

