<suite name="SelectAll" parallel="false" fileFragmentationLevel="2" useDefaultListeners="false">
  <listeners>  
  <listener class-name="org.uncommons.reportng.HTMLReporter" />  
  </listeners>  
<test name="01-Select All items"><classes><class name="com.users.usersAndResources.listFeatures.selectAll.A01_SelectAllItems"/></classes></test>
<test name="02-Select All items_Change Page"><classes><class name="com.users.usersAndResources.listFeatures.selectAll.A02_SelectAllItems_ChangePage"/></classes></test>
<test name="03-Select All UC Resources"><classes><class name="com.users.usersAndResources.listFeatures.selectAll.A03_SelectAllItems_AddUCResource"/></classes></test>
<test name="04-Select All UnAssign Resources"><classes><class name="com.users.usersAndResources.listFeatures.selectAll.A04_SelectAllItems_UnassignResources"/></classes></test>
<test name="05-Select All Filter"><classes><class name="com.users.usersAndResources.listFeatures.selectAll.A05_SelectAllItems_FilteringAfterBulkEdit"/></classes></test>
<test name="06-UnSelect All UnAssign Resources"><classes><class name="com.users.usersAndResources.listFeatures.selectAll.A06_UnSelectAllItems"/></classes></test>
<test name="07-Delete All Selected"><classes><class name="com.users.usersAndResources.listFeatures.selectAll.A07_DeleteAllSelectedItems"/></classes></test>
</suite>