<suite name="Smoke Tests" parallel="false" fileFragmentationLevel="2" useDefaultListeners="false">
  <listeners>  
  <listener class-name="org.uncommons.reportng.HTMLReporter" />  
  </listeners>  
<test name="01-Edit OSV Connection"><classes><class name="com.smoketests.A01_EditOSCConnection"/></classes></test>
<test name="02-Complete OSV Office Code"><classes><class name="com.smoketests.A02_CompleteOSVOC"/></classes></test>
<test name="03-Complete OSV Prefix"><classes><class name="com.smoketests.A03_CompleteOSVPrefix"/></classes></test>
<test name="04-Add Admin User"><classes><class name="com.smoketests.A05_AddAdministratorUser"/></classes></test>
<test name="05-Add UC User"><classes><class name="com.smoketests.A06_AddUCUser"/></classes></test>
<test name="06-Add UM User"><classes><class name="com.smoketests.A07_AddUMUser"/></classes></test>
<test name="07-Insert 100 UM Licenses"><classes><class name="com.smoketests.A08_Insert100UMlicenses"/></classes></test>
<test name="08-Add LDAP-Synchronization"><classes><class name="com.smoketests.A10_AddLDAPConnection"/></classes></test>
<test name="09-Add H4K Node"><classes><class name="com.smoketests.A09_AddH4KNode"/></classes></test>
<test name="10-Add Address Translator Context"><classes><class name="com.smoketests.A04_AddAddressTranslatorContext"/></classes></test>
<test name="11-Add XPR Node"><classes><class name="com.smoketests.A11_AddXPRNode"/></classes></test>
<test name="12-Add SNMP Node"><classes><class name="com.smoketests.A12_AddSNMPNode"/></classes></test>
<test name="13-Delete UM User"><classes><class name="com.smoketests.B01_DeleteUMUser"/></classes></test>
<test name="14-Delete UC User"><classes><class name="com.smoketests.B02_DeleteUCUser"/></classes></test>
<test name="15-Delete Admin User"><classes><class name="com.smoketests.B03_DeleteAdministratorUser"/></classes></test>
<test name="16-Delete ATC"><classes><class name="com.smoketests.B04_DeleteAddressTranslatorContext"/></classes></test>
</suite>