<suite name="SMTP" parallel="false" fileFragmentationLevel="2" useDefaultListeners="false">
  <listeners>  
  <listener class-name="org.uncommons.reportng.HTMLReporter" />  
  </listeners>  
<test name="01-Check UI"><classes><class name="com.smtp.A01_SMTP_UI"/></classes></test>
<test name="02-Check SMTP Validations"><classes><class name="com.smtp.A02_SMTP_Validations"/></classes></test>
<test name="03-Enable SMTP"><classes><class name="com.smtp.A03_SMTP_Enable"/></classes></test>
<test name="04-Disable SMTP"><classes><class name="com.smtp.A04_SMTP_Disable"/></classes></test>
</suite>