<suite name="Software Activation of OpenScape UC application" parallel="false" fileFragmentationLevel="2">
  <listeners>  
    <listener class-name="org.uncommons.reportng.HTMLReporter" />  
  </listeners> 
  <test name="01-Software Activation of OpenScape UC, UI, first run, not configured"><classes><class name="com.applications.softwareActivation.ASA01_softwareActivation_UI_notConfigured"/></classes></test>
  <test name="02-Software Activation of OpenScape UC, UI, first run, configured, sync deactive"><classes><class name="com.applications.softwareActivation.ASA02_softwareActivation_UI_configured_firstRun_syncDeactive"/></classes></test> 
  <test name="03-Software Activation of OpenScape UC, UI, first run, configured, sync active"><classes><class name="com.applications.softwareActivation.ASA03_softwareActivation_UI_configured_firstRun_syncActive"/></classes></test>
  <test name="04-Software Activation of OpenScape UC, configured, CMP validations"><classes><class name="com.applications.softwareActivation.ASA04_softwareActivation_ValidationsCMP_configured_Start"/></classes></test> 
  <test name="05-Software Activation of OpenScape UC, configured, SFW validations"><classes><class name="com.applications.softwareActivation.ASA05_softwareActivation_ValidationsSFW_configured_Start"/></classes></test> 
  <test name="06-Software Activation of OpenScape UC, UI, successful, sync deactive"><classes><class name="com.applications.softwareActivation.ASA06_softwareActivation_UI_successful_syncDeactive"/></classes></test> 
  <test name="07-Software Activation of OpenScape UC, UI, successful, sync active, checked"><classes><class name="com.applications.softwareActivation.ASA07_softwareActivation_UI_successful_syncActive_checked"/></classes></test> 
  <test name="08-Software Activation of OpenScape UC, UI, successful, sync active, unchecked"><classes><class name="com.applications.softwareActivation.ASA08_softwareActivation_UI_successful_syncActive_unchecked"/></classes></test> 
  <test name="09-Software Activation of OpenScape UC, UI, running, sync deactive"><classes><class name="com.applications.softwareActivation.ASA09_softwareActivation_UI_Running_syncDeactive"/></classes></test> 
  <test name="10-Software Activation of OpenScape UC, UI, running, sync active, checked"><classes><class name="com.applications.softwareActivation.ASA10_softwareActivation_UI_Running_syncActive_checked"/></classes></test> 
  <test name="11-Software Activation of OpenScape UC, UI, running, sync active, unchecked"><classes><class name="com.applications.softwareActivation.ASA11_softwareActivation_UI_Running_syncActive_unchecked"/></classes></test> 
  <test name="12-Software Activation of OpenScape UC, UI, failed on at least one node, sync deactive"><classes><class name="com.applications.softwareActivation.ASA12_softwareActivation_UI_Failed_onAtLeast1Node_syncDeactive"/></classes></test> 
  <test name="13-Software Activation of OpenScape UC, UI, failed with errors, sync deactive"><classes><class name="com.applications.softwareActivation.ASA13_softwareActivation_UI_Failed_withErrors_syncDeactive"/></classes></test> 
  <test name="14-Software Activation of OpenScape UC, UI, failed with errors, sync active, checked"><classes><class name="com.applications.softwareActivation.ASA14_softwareActivation_UI_Failed_withErrors_syncActive_checked"/></classes></test> 
  <test name="15-Software Activation of OpenScape UC, UI, failed with errors, sync active, unchecked"><classes><class name="com.applications.softwareActivation.ASA15_softwareActivation_UI_Failed_withErrors_syncActive_unchecked"/></classes></test> 
  <test name="16-Software Activation of OpenScape UC, Start with sync deactive"><classes><class name="com.applications.softwareActivation.ASA16_softwareActivation_syncDeactive_Start_AdminLoggedOut"/></classes></test> 
  <test name="17-Software Activation of OpenScape UC, Start with sync active, checked"><classes><class name="com.applications.softwareActivation.ASA17_softwareActivation_syncActive_checked_Start_AdminLoggedOut"/></classes></test> 
  <test name="18-Software Activation of OpenScape UC, Try again with sync active, checked, with path"><classes><class name="com.applications.softwareActivation.ASA18_softwareActivation_syncActive_checked_afterFailed_TryAgain_withPath"/></classes></test> 
  <test name="19-Software Activation of OpenScape UC, Try again with sync active, checked, empty path"><classes><class name="com.applications.softwareActivation.ASA19_softwareActivation_syncActive_checked_afterFailed_TryAgain_emptyPath"/></classes></test> 
  <test name="20-Software Activation of OpenScape UC, configured, validate unexpected exit codes of updateAllNodes.sh"><classes><class name="com.applications.softwareActivation.ASA20_softwareActivation_Validations_unexpectedExitCodes"/></classes></test> 
    </suite>
