<suite name="SSDP_Enhancements" preserve-order="true" parallel="false" fileFragmentationLevel="2" useDefaultListeners="false">
  <listeners>  
    <listener class-name="org.uncommons.reportng.HTMLReporter"/>  
  </listeners>   
 <test name="01-Proxy ServerUI"><classes><class name="com.ssdp_enhancements.A01_ProxyServersUI"/></classes></test>
 <test name="02-Proxy ServerAdd"><classes><class name="com.ssdp_enhancements.A02_ProxyServersAdd"/></classes></test>
 <test name="03-Proxy ServerEdit"><classes><class name="com.ssdp_enhancements.A03_ProxyServersEdit"/></classes></test>
 <test name="04-ProxyServersSorting"><classes><class name="com.ssdp_enhancements.A04_ProxyServersSorting"/></classes></test>
 <test name="05-SSDP check UI"><classes><class name="com.ssdp_enhancements.B01_SSDPCheckUI"/></classes></test>
 <test name="06-Activate SSDP"><classes><class name="com.ssdp_enhancements.B02_SSDPActivation"/></classes></test>
 <test name="07-Check Device Identification"><classes><class name="com.ssdp_enhancements.C01_DeviceIdentification"/></classes></test>
 <test name="09-Check Policy Server UI"><classes><class name="com.ssdp_enhancements.D01_PolicyServerUI"/></classes></test>
 <test name="10-Check Enterprise Server UI"><classes><class name="com.ssdp_enhancements.E01_EnterpriseServerUI"/></classes></test>
 <test name="11-Enterprise Server Enable"><classes><class name="com.ssdp_enhancements.E02_EnterpriseServerEnable"/></classes></test>
 <test name="12-Enterprise Server Disable"><classes><class name="com.ssdp_enhancements.E03_EnterpriseServerDisable"/></classes></test>
 <test name="13-Check SNMP Profile"><classes><class name="com.ssdp_enhancements.F01_SNMProfilesUI"/></classes></test>
 <test name="14-Add SNMP Profile"><classes><class name="com.ssdp_enhancements.F02_SNMProfilesAdd"/></classes></test>
 <test name="15-Edit SNMP Profile"><classes><class name="com.ssdp_enhancements.F03_SNMProfilesEdit"/></classes></test>
 <test name="16-Delete SNMP Profile"><classes><class name="com.ssdp_enhancements.F04_SNMProfilesDelete"/></classes></test>
 <test name="17-Proxy Server Delete"><classes><class name="com.ssdp_enhancements.A05_ProxyServersDelete"/></classes></test>
 <test name="18-Restart SSDP"><classes><class name="com.ssdp_enhancements.G01_SSDPRestart"/></classes></test>
 <test name="19-DeActivate SSDP"><classes><class name="com.ssdp_enhancements.G02_SSDPDeActivation"/></classes></test>
 <test name="20-Hide SSDP Permission"><classes><class name="com.ssdp_enhancements.H01_DisablePermission"/></classes></test>
 <test name="21-Enable SSDP Permission"><classes><class name="com.ssdp_enhancements.H02_EnablePermission"/></classes></test>
 </suite>