<suite name="Tools and Utilities" parallel="false" fileFragmentationLevel="2" preserve-order="true">
  <listeners>  
    <listener class-name="org.uncommons.reportng.HTMLReporter" />  
  </listeners> 
 <test name="01-Diagnostics_Data DownloadPage"><classes><class name="com.toolsutilities.A01_Diagnostics_DataDownloadPage"/></classes></test>
 <test name="02-Diagnostics_Data Download"><classes><class name="com.toolsutilities.A02_Diagnostics_DataDownload"/></classes></test>
 <test name="03-TraceFilePage"><classes><class name="com.toolsutilities.B01_TraceFilePage"/></classes></test>
<!-- Call trace removed from main line 
 <test name="04-Call Trace"><classes><class name="com.toolsutilities.D01_CallTrace"/></classes></test>
 <test name="05-Call Trace Download"><classes><class name="com.toolsutilities.D02_CallTraceDownload"/></classes></test>
 -->
 </suite>