<suite name="UC configuration - external plugins" parallel="false" fileFragmentationLevel="2">
  <listeners>  
    <listener class-name="org.uncommons.reportng.HTMLReporter" />  
  </listeners> 
  <test name="01 UC Configuration - check Initial Screen of Conference"><classes><class name="com.connections.uc_configuration.UCC01_conferenceConfigurationCheckInitialScreen"/></classes></test>
  <test name="02 UC Configuration - check Initial Screen of Group ware"><classes><class name="com.connections.uc_configuration.UCC02_groupwareChecKInitialScreen"/></classes></test>
  <test name="03 UC Configuration _ check Initial Screen of Media Server"><classes><class name="com.connections.uc_configuration.UCC03_MediaServerCheckInitialScreen"/></classes></test> 
  <test name="04 UC Configuration _ check Initial Screen of Presence and IM"><classes><class name="com.connections.uc_configuration.UCC04_PresenceAndIMCheckInitialScreen"/></classes></test>
  </suite>
