<suite name="UC Rapid stat" parallel="false" fileFragmentationLevel="2" preserve-order="true">
<listeners>  
   <listener class-name="org.uncommons.reportng.HTMLReporter" />  
 </listeners> 

 <test name="01-UC Rapid stat check UI"><classes><class name="com.nodes.UC_Rapidstat.A01_CheckUI"/></classes></test>
 <test name="02-UC Rapid stat check Validations"><classes><class name="com.nodes.UC_Rapidstat.A02_checkValidations"/></classes></test>
 <test name="11-UC Rapid stat check default values for DB xml"><classes><class name="com.nodes.UC_Rapidstat.A11_checkDefaultValuesForDBxml"/></classes></test>
 <test name="03-UC Rapid stat check Set to run every week title"><classes><class name="com.nodes.UC_Rapidstat.A03_CheckTheSetToRunEveryWeekTitle"/></classes></test>
 <test name="04-UC Rapid stat check number of logs"><classes><class name="com.nodes.UC_Rapidstat.A04_SetNumberOfreportsToTwoCheckThirdOneNotAddedInList"/></classes></test>
 <test name="05-UC Rapid stat set a daily run re-check configuration"><classes><class name="com.nodes.UC_Rapidstat.A05_setaDailyRunEditWindowReCheckConfig"/></classes></test>
 <test name="06-UC Rapid stat check confirmation pop up when action finishes"><classes><class name="com.nodes.UC_Rapidstat.A06_checkPopUpWhenRapidStatActionFinishes"/></classes></test>
 <test name="07-UC Rapid stat check minor alarm for DB file usage"><classes><class name="com.nodes.UC_Rapidstat.A07_minorAlarmForDBfileUsage"/></classes></test>
 <test name="08-UC Rapid stat check major alarm for DB file usage"><classes><class name="com.nodes.UC_Rapidstat.A08_majorAlarmForDBFileUsage"/></classes></test>
 <test name="09-UC Rapid stat check major alarm for DB file usage"><classes><class name="com.nodes.UC_Rapidstat.A09_changexmlToDisplayFilesWithMoreThan10LinesAndCheckReportLog"/></classes></test>
 <test name="10-UC Rapid stat check confirmation pop up when action finishes"><classes><class name="com.nodes.UC_Rapidstat.A10_checkDefaultValuesForPartitionsXml"/></classes></test>
 <test name="12-UC Rapid stat check Minor Alarm When Partitions Threshold Exeeded"><classes><class name="com.nodes.UC_Rapidstat.A12_checkMinorAlarmWhenPartitionsThresholdExeeded"/></classes></test>
 <test name="13-UC Rapid stat check Major Alarm When Partitions Threshold Exeeded"><classes><class name="com.nodes.UC_Rapidstat.A13_checkMajorAlarmWhenPartitionsThresholdExeeded"/></classes></test>
 <test name="14-UC Rapid stat switch Off Partitions Check"><classes><class name="com.nodes.UC_Rapidstat.A14_switchOffPartitionsCheck"/></classes></test>
 <test name="15-UC Rapid stat set By Mistake A Character In DB XML And Check Error Reported Inside Log"><classes><class name="com.nodes.UC_Rapidstat.A15_setByMistakeACharacterInDBXMLAndCheckErrorReportedInsideLog"/></classes></test>
 <test name="16-UC Rapid stat set By Mistake A Character In Partitions XML And Check Error Reported Inside Log"><classes><class name="com.nodes.UC_Rapidstat.A16_setByMistakeACharakterInPartitionsXMLAndCheckErrorReportedInsideLog"/></classes></test>
 <test name="17-UC Rapid stat Check That Alarm Is Thrown When Solerror_out exists"><classes><class name="com.nodes.UC_Rapidstat.A17_CheckThatAlarmIsThrownWhenSolerror_out_exists"/></classes></test>
 <test name="18-UC Rapid stat Check That Alarm Is Thrown When Solerror_out changes"><classes><class name="com.nodes.UC_Rapidstat.A18_CheckThatAlarmIsThrownWhenSolerror_out_changes"/></classes></test>
 <test name="19-UC Rapid stat Check UC Licences as opposed to UC users from the Log"><classes><class name="com.nodes.UC_Rapidstat.A19_CheckUCLicencesasopposedtoUCusersfromtheLog"/></classes></test>
 </suite>