<suite name="UC Users with HP4K Devices" parallel="false" fileFragmentationLevel="2">
  <listeners>  
    <listener class-name="org.uncommons.reportng.HTMLReporter" />  
  </listeners> 
  <test name="01-Assign public, private HP4K resources via Advanced list, filter per Normalized"><classes><class name="com.users.ucUsers.HP4K.UCU01_Assign_viaAdvanced_HP4Kresources"/></classes></test> 
  <test name="02-Assign public HP4K resources via Input field"><classes><class name="com.users.ucUsers.HP4K.UCU02_Assign_viaInputField_PublicHP4Kresources"/></classes></test> 
  <test name="03-Assign private HP4K resources via Input field"><classes><class name="com.users.ucUsers.HP4K.UCU03_Assign_viaInputField_PrivateHP4Kresources"/></classes></test> 
  <test name="04-Set, unset ONS, set contact to User, with HP4K resource"><classes><class name="com.users.ucUsers.HP4K.UCU04_Set_UnSet_ONS_setContact_HP4KResources"/></classes></test> 
  <test name="05-Unassign public, private HP4K resources"><classes><class name="com.users.ucUsers.HP4K.UCU05_Unassign_viaArrow_HP4Kresources"/></classes></test> 
  <test name="06-Edit names, multi unassign of public, private HP4K resources"><classes><class name="com.users.ucUsers.HP4K.UCU06_EditNames_MultiUnassign_HP4Kresources"/></classes></test> 
  </suite>
