<suite name="UC Users, basic actions" parallel="false" fileFragmentationLevel="2">
  <listeners>  
    <listener class-name="org.uncommons.reportng.HTMLReporter" />  
  </listeners> 
 <parameter name="UCloginName" value="automation_ucloginname" /> 
 <parameter name="UCname" value="automation_UCname" /> 
 <parameter name="UCloginpassword" value="Asd123!." /> 
 <parameter name="UCloginpassword_confirm" value="Asd123!." />
 <parameter name="altered_UCloginpassword" value="zaq1XSW@" />
 <parameter name="UCprofile" value="Professional" />
  <test name="01-Add basic UC user (no resource)"><classes><class name="com.users.ucUsers.UCU01_AddUCUser"/></classes></test>
  <test name="02-Validate UC user addition, set PIN"><classes><class name="com.users.ucUsers.UCU02_ValidateUCUserCreation_setPIN"/></classes></test> 
  <test name="03-Edit via button basic UC user, set password to change"><classes><class name="com.users.ucUsers.UCU03_EditUCuser_SetChgPasswdNextLogin"/></classes></test>
  <test name="04-Lock unlock UC user"><classes><class name="com.users.ucUsers.UCU04_LockUnlockUCUser_ValidateLogin"/></classes></test> 
  <test name="05-Edit via link cockpit UC user with contact, arrow edit contact, validate email"><classes><class name="com.users.ucUsers.UCU05_AddCockpitUser_withContactInfo"/></classes></test> 
  <test name="06-Filter, Sort UC users list"><classes><class name="com.users.ucUsers.UCU06_FilterSortUsers"/></classes></test> 
  <test name="07-Show selected, show all UC users list"><classes><class name="com.users.ucUsers.UCU07_ShowSelected_ShowAll_UCUsers"/></classes></test> 
  <test name="08-View, copy profile via UC user"><classes><class name="com.users.ucUsers.UCU08_EditUCuser_CopyViewProfiles"/></classes></test> 
  <test name="09-UM user with UC, view, edit"><classes><class name="com.users.ucUsers.UCU09_UMuserWithUCresource_Edit_assignCockpitProfile"/></classes></test> 
  <test name="10-Delete, multidelete UC users, UC that is also UM"><classes><class name="com.users.ucUsers.UCU10_Delete_MultiDelete_Users"/></classes></test> 
  <test name="11-UC user is not created when licenses are not available"><classes><class name="com.users.ucUsers.UCU11_NoLicense_UCUserIsNotCreated"/></classes></test> 
  <test name="12-UC user with OSV, Voicemail and Queue"><classes><class name="com.users.ucUsers.UCU12_AddUCuserWith_OSV_VM_CQ"/></classes></test> 
  <test name="13-Basic Paging test of UC users list"><classes><class name="com.users.ucUsers.UCU13_ListOfUCusers_basicPaging"/></classes></test> 
   </suite>
