<suite name="UC Users with VoiceMails Queue and External Devices" parallel="false" fileFragmentationLevel="2">
  <listeners>  
    <listener class-name="org.uncommons.reportng.HTMLReporter" />  
  </listeners> 
 <parameter name="UCprofile" value="Professional" />
  <test name="01-Add VoiceMail to UC users"><classes><class name="com.users.ucUsers.VM_Q_External.UCU01_AddVoiceMailToUCUsers"/></classes></test> 
  <test name="02-Filter, sort VoiceMails from UC user"><classes><class name="com.users.ucUsers.VM_Q_External.UCU02_Filter_Sort_VoiceMailList"/></classes></test> 
  <test name="03-Validate VoiceMail addition"><classes><class name="com.users.ucUsers.VM_Q_External.UCU03_ValidateVoiceMailAddition"/></classes></test> 
  <test name="04-Unassign VoiceMail from UC users"><classes><class name="com.users.ucUsers.VM_Q_External.UCU04_UnassignVoiceMailfromUCUsers"/></classes></test> 
  <test name="05-Delete VoiceMail from UC users"><classes><class name="com.users.ucUsers.VM_Q_External.UCU05_DeleteVoiceMailfromUCUsers"/></classes></test> 
  <test name="06-Add Queue to UC users, validate deletion when assigned to more than one"><classes><class name="com.users.ucUsers.VM_Q_External.UCU06_AddQueueToUCUsers"/></classes></test> 
  <test name="07-Sort Queues from UC user"><classes><class name="com.users.ucUsers.VM_Q_External.UCU07_Sorting_QueueList"/></classes></test> 
  <test name="08-Change Assigned Queue, edit Queue description"><classes><class name="com.users.ucUsers.VM_Q_External.UCU08_EditDesc_ChangeAssignedQueue"/></classes></test> 
  <test name="09-Validate Queue addition"><classes><class name="com.users.ucUsers.VM_Q_External.UCU09_ValidateQueueAddition"/></classes></test> 
  <test name="10-Change assign Queue to none"><classes><class name="com.users.ucUsers.VM_Q_External.UCU10_UnasignQueueFromUCUsers"/></classes></test> 
  <test name="11-Delete Queue from UC users"><classes><class name="com.users.ucUsers.VM_Q_External.UCU11_DeleteQueueFromUCUsers"/></classes></test> 
  <test name="12-Add public external resource"><classes><class name="com.users.ucUsers.VM_Q_External.UCU12_Add_PublicExternalResource"/></classes></test> 
  <test name="13-Add private external resource"><classes><class name="com.users.ucUsers.VM_Q_External.UCU13_Add_PrivateExternalResource"/></classes></test> 
  <test name="14-Validate External resource addition"><classes><class name="com.users.ucUsers.VM_Q_External.UCU14_Validate_ExternalResources"/></classes></test> 
  <test name="15-Unassign External resources"><classes><class name="com.users.ucUsers.VM_Q_External.UCU15_Unassign_ExternalResources"/></classes></test> 
  <test name="16-Validate assignement of same external to more than one UC users"><classes><class name="com.users.ucUsers.VM_Q_External.UCU16_SameExternalResource_MoreThanOneUCUsers"/></classes></test> 
  <test name="17-Delete External resources from UC users"><classes><class name="com.users.ucUsers.VM_Q_External.UCU17_Delete_ExternalResources"/></classes></test> 
   </suite>
