<suite name="UC Users with OSV Devices" parallel="false" fileFragmentationLevel="2">
  <listeners>  
    <listener class-name="org.uncommons.reportng.HTMLReporter" />  
  </listeners> 
  <test name="00-Assign public, private OSV resources via Advanced list, filter per Normalized"><classes><class name="com.users.ucUsers.OSV.UCU00_Assign_viaAdvanced_OSVresources"/></classes></test> 
  <test name="01-Filter, Sort OSV resources via Advanced list"><classes><class name="com.users.ucUsers.OSV.UCU01_Filter_Sort_viaAdvanced_OSVresources"/></classes></test> 
  <test name="02-Assign public OSV resources via Input field"><classes><class name="com.users.ucUsers.OSV.UCU02_Assign_viaInputField_PublicOSVresources"/></classes></test> 
  <test name="03-Assign private OSV resources via Input field"><classes><class name="com.users.ucUsers.OSV.UCU03_Assign_viaInputField_PrivateOSVresources"/></classes></test> 
  <test name="04-Set, unset ONS, set contact to User, with OSV resource"><classes><class name="com.users.ucUsers.OSV.UCU04_Set_UnSet_ONS_setContact_OSVResources"/></classes></test> 
  <test name="05-Unassign public, private OSV resources"><classes><class name="com.users.ucUsers.OSV.UCU05_Unassign_viaArrow_OSVresources"/></classes></test> 
  <test name="06-Validate reassign of assigned public, private OSV resources"><classes><class name="com.users.ucUsers.OSV.UCU06_ValidateReassignOfAssigned_OSVresources"/></classes></test> 
  <test name="07-Assign, Set ONS public OSV resource with no BCfed attribute, attribute is autofilled"><classes><class name="com.users.ucUsers.OSV.UCU07_SetONS_OSVresource_NoBCFedAttribute"/></classes></test> 
  <test name="08-Assign, Set ONS private OSV resource with NP with no Country and no Area code"><classes><class name="com.users.ucUsers.OSV.UCU08_SetONS_PrivateOSVresource_noCCnoAC"/></classes></test> 
  <test name="09-Validate that set as ONS of public OSV resource fails when CSTA is not configured"><classes><class name="com.users.ucUsers.OSV.UCU09_ValidateSetONSFails_WhenCSTAdoesNotExist"/></classes></test> 
  <test name="10-Edit names, multi unassign of public, private OSV resources"><classes><class name="com.users.ucUsers.OSV.UCU10_EditNames_MultiUnassign_OSVresources"/></classes></test> 
  </suite>
