<suite name="UC Users Filter n Advanced Filter" parallel="false" fileFragmentationLevel="2">
  <listeners>  
    <listener class-name="org.uncommons.reportng.HTMLReporter" />  
  </listeners> 
  <test name="00-Configure"><classes><class name="com.users.usersAndResources.listFeatures.advancedFilter.A00_Configure"/></classes></test> 
  <test name="01-Simple Filter UI"><classes><class name="com.users.usersAndResources.listFeatures.advancedFilter.A01_SearchFilter_UI"/></classes></test> 
  <test name="02-Simple Filter Search UM attributes"><classes><class name="com.users.usersAndResources.listFeatures.advancedFilter.A02_Search_inAttributes"/></classes></test> 
  <test name="03-Simple Filter Search localities"><classes><class name="com.users.usersAndResources.listFeatures.advancedFilter.A03_Search_inLocalities"/></classes></test> 
  <test name="04-Simple Filter Search resources"><classes><class name="com.users.usersAndResources.listFeatures.advancedFilter.A04_Search_inResources"/></classes></test> 
  <test name="05-Users n Resources Items per Page"><classes><class name="com.users.usersAndResources.listFeatures.advancedFilter.A05_Items_per_Page"/></classes></test> 
  <test name="06-Users n Resources Paging"><classes><class name="com.users.usersAndResources.listFeatures.advancedFilter.A06_Paging"/></classes></test> 
  <test name="07-Users n Resources Sorting"><classes><class name="com.users.usersAndResources.listFeatures.advancedFilter.A07_Sorting"/></classes></test> 
  <test name="08-Advanced Filter UI"><classes><class name="com.users.usersAndResources.listFeatures.advancedFilter.B01_AdvancedFilter_UI"/></classes></test> 
  <test name="09-Advanced Filter"><classes><class name="com.users.usersAndResources.listFeatures.advancedFilter.B02_AdvancedFilter"/></classes></test> 
  <test name="10-Advanced Add/Delete"><classes><class name="com.users.usersAndResources.listFeatures.advancedFilter.B03_AdvancedFilter_AddDelete"/></classes></test> 
  <test name="11-Advanced NoCriteria"><classes><class name="com.users.usersAndResources.listFeatures.advancedFilter.B04_AdvancedFilter_NoCriteria"/></classes></test> 
  </suite>
