<suite name="Unassign And Delete Resources" parallel="false" fileFragmentationLevel="2" preserve-order="true">
  <listeners>  
    <listener class-name="org.uncommons.reportng.HTMLReporter" />  
  </listeners> 
  
 <test name="01 Unassign And Delete Resources - check button status"><classes><class name="com.users.usersAndResources.bulkActions.unassignAndDeleteResources.A00_buttonsState"/></classes></test>
 <test name="02 Unassign And Delete Resources - Unassign All"><classes><class name="com.users.usersAndResources.bulkActions.unassignAndDeleteResources.A01_unassignResource_All"/></classes></test>
 <test name="03 Unassign And Delete Resources - Unassign OSV Resource"><classes><class name="com.users.usersAndResources.bulkActions.unassignAndDeleteResources.A02_unassignOSVresource"/></classes></test>
 <test name="04 Unassign And Delete Resources - Unassign UC Resource"><classes><class name="com.users.usersAndResources.bulkActions.unassignAndDeleteResources.A03_unassignUCresource"/></classes></test>
 <test name="05 Unassign And Delete Resources - Unassign ONS by button"><classes><class name="com.users.usersAndResources.bulkActions.unassignAndDeleteResources.A05_uassignONSbybutton"/></classes></test>
 <test name="06 Unassign And Delete Resources - Unassign ONS by arrow"><classes><class name="com.users.usersAndResources.bulkActions.unassignAndDeleteResources.A06_unassignONSbyArrow"/></classes></test>
 <test name="07 Unassign And Delete Resources - Unassign ONS by arrow"><classes><class name="com.users.usersAndResources.bulkActions.unassignAndDeleteResources.A07_unassignAndDeleteOSVResources"/></classes></test>

 </suite>