<suite name="User Profiles" parallel="false" fileFragmentationLevel="2">
  <listeners>  
    <listener class-name="org.uncommons.reportng.HTMLReporter" />  
    <listener class-name="org.uncommons.reportng.JUnitXMLReporter" />  
  </listeners> 

 <parameter name="DEFAULT_DOMAIN_NAME" value="system" />
 <parameter name="profile_name" value="automation_CMP" />
 <parameter name="Filter_profile" value="automation" />
 <parameter name="Filter_application" value="CMP" />
 <parameter name="copy_profile_name" value="Copy of automation_CMP"/>
 <parameter name="loginName" value="automation_userprofile"/> 
 <parameter name="lastname" value="automation_userprofile"/>
 <parameter name="loginpassword" value="Asd123!." />
 <parameter name="loginPassword_confirm" value="Asd123!." />
  
  <test name="01-User Profiles UI"><classes><class name="com.user_profiles.UserProfiles01_UserProfilesUI"/></classes></test>
  <test name="02-Add User Profile"><classes><class name="com.user_profiles.UserProfiles02_AddUP"/></classes></test>
  <test name="03-Edit User Profile"><classes><class name="com.user_profiles.UserProfiles03_EditUP"/></classes></test>
  <test name="04-Filter-Sort User Profiles"><classes><class name="com.user_profiles.UserProfiles04_Filtering_Sorting"/></classes></test>
  <test name="05-Copy User Profile"><classes><class name="com.user_profiles.UserProfiles05_CopyProfile"/></classes></test>
  <test name="06-Assign User Profile"><classes><class name="com.user_profiles.UserProfiles06_AssignProfile"/></classes></test>
  <test name="07-Check Available Profiles"><classes><class name="com.user_profiles.UserProfiles07_CheckProfilesAvailable"/></classes></test>
  <test name="08-Delete User Profiles"><classes><class name="com.user_profiles.UserProfiles08_DeleteProfile"/></classes></test>
  <test name="09-Validate Default Profiles"><classes><class name="com.user_profiles.UserProfiles09_CheckDefaultProfiles"/></classes></test>
  <test name="10-Validate UI License assignement for LDAP-OS ILA"><classes><class name="com.user_profiles.UserProfiles10_CheckLicenseAssignement"/></classes></test>
</suite>