<suite name="Users and Resources, basic actions" parallel="false" fileFragmentationLevel="2">
  <listeners>  
    <listener class-name="org.uncommons.reportng.HTMLReporter" />  
  </listeners> 
 <parameter name="basicloginname" value="um1_loginname" /> 
 <parameter name="basiclastname" value="um1_lastname" /> 
 <parameter name="basicdisplayname" value="um1_displayname" /> 
  <parameter name="utf8" value="Έλληνας Χρήστης" /> 
  <test name="01-Add, edit basic UM user"><classes><class name="com.users.usersAndResources.basicActions.UR01_addEditBasicUMUser"/></classes></test>
  <test name="02-Check UI of all tabs of UM user pop up"><classes><class name="com.users.usersAndResources.basicActions.UR02_UMuserPopUp_checkTabsUI"/></classes></test> 
  <test name="03-Add, edit a UM user with all attributes, no resource"><classes><class name="com.users.usersAndResources.basicActions.UR03_addEditFullUMUser_noResource"/></classes></test>
  <test name="04-Validate UM user addition"><classes><class name="com.users.usersAndResources.basicActions.UR04_validate_UMuserAddition"/></classes></test> 
  <test name="05-Validate photo and email while adding a UM user"><classes><class name="com.users.usersAndResources.basicActions.UR05_validate_photo_email_ofUMuser"/></classes></test> 
  <test name="06-Add UM user with Locality, modify inherited attributes"><classes><class name="com.users.usersAndResources.basicActions.UR06_impactOfLocality_onUMuser"/></classes></test> 
  <test name="07-Add, edit basic UM user in UTF8, with spaces in the mandatory fields"><classes><class name="com.users.usersAndResources.basicActions.UR07_addEditBasicUMUser_UTF8_withSpaces"/></classes></test> 
  <test name="08-Delete UM user via arrow, multi delete via button, no rights, no resources"><classes><class name="com.users.usersAndResources.basicActions.UR08_deleteUMUsers_noRights_noResource"/></classes></test> 
  <test name="09-Delete UM user with admin rights via button"><classes><class name="com.users.usersAndResources.basicActions.UR09_deleteUMUser_withAdminRights"/></classes></test> 
  <test name="10-Multiple assign, unassign of OSV and 4K resources"><classes><class name="com.users.usersAndResources.basicActions.UR10_multi_assign_unassign_OSVandHP4KResources"/></classes></test> 
  </suite>
