<suite name="Users from UC Accounts" parallel="false" fileFragmentationLevel="2" preserve-order="true">
  <listeners>  
    <listener class-name="org.uncommons.reportng.HTMLReporter" />  
  </listeners> 
 <test name="01-Users from UC accounts"><classes><class name="com.provisioning.usersfromUCaccounts.A01_usersfromUCaccounts_UI"/></classes></test>
 <test name="02-Validations"><classes><class name="com.provisioning.usersfromUCaccounts.A011_usersfromUCaccounts_Validations"/></classes></test>
 <test name="03-Convert as is"><classes><class name="com.provisioning.usersfromUCaccounts.A02_usersfromUCaccounts_ConvertAsis"/></classes></test>
 <test name="04-Convert as is long UserID"><classes><class name="com.provisioning.usersfromUCaccounts.A022_usersfromUCaccounts_ConvertAsis_LongName"/></classes></test>
 <test name="05-Convert Last Name with LoginID"><classes><class name="com.provisioning.usersfromUCaccounts.A03_usersfromUCaccounts_ConvertLastNameWithLoginID"/></classes></test>
 <test name="06-Convert Last Name with DIsplayName"><classes><class name="com.provisioning.usersfromUCaccounts.A04_usersfromUCaccounts_ConvertLastNameWithDIsplayName"/></classes></test> 
 <test name="07-Convert UC user with no Contact"><classes><class name="com.provisioning.usersfromUCaccounts.A05_usersfromUCaccounts_UCwithNoContact"/></classes></test> 
 <test name="08-Convert cancel"><classes><class name="com.provisioning.usersfromUCaccounts.A06_usersfromUCaccounts_CancelAction"/></classes></test> 
 <test name="09-Convert in parallel"><classes><class name="com.provisioning.usersfromUCaccounts.A07_usersfromUCaccounts_ParralellAction"/></classes></test> 
 <test name="10-Welcome screen Enable"><classes><class name="com.provisioning.usersfromUCaccounts.B01_usersfromUCaccounts_EnablePopUp"/></classes></test>
 <test name="11-Welcome screen Convert"><classes><class name="com.provisioning.usersfromUCaccounts.B02_usersfromUCaccounts_ConvertPopUp"/></classes></test>
 <test name="12-Welcome screen Disabled"><classes><class name="com.provisioning.usersfromUCaccounts.B03_usersfromUCaccounts_DisabledPopUp"/></classes></test>
 </suite>