<suite name="Users and Resources, basic actions with existing HP4K resources" parallel="false" fileFragmentationLevel="2">
  <listeners>  
    <listener class-name="org.uncommons.reportng.HTMLReporter" />  
  </listeners> 
  <test name="00-Listing, filtering, sorting of existing 4K resources via a UM user"><classes><class name="com.users.usersAndResources.basicActions.HP4K.UR00_listOfExistingHP4KResources"/></classes></test>
  <test name="01-Assign public and private existing 4K resources to a UM user"><classes><class name="com.users.usersAndResources.basicActions.HP4K.UR01_assign4KResource"/></classes></test> 
  <test name="02-Configure UC resource of UM user with 4K resource assigned"><classes><class name="com.users.usersAndResources.basicActions.HP4K.UR02_assignUCResource"/></classes></test>
  <test name="03-Sort list of assigned 4K resources of a UM user"><classes><class name="com.users.usersAndResources.basicActions.HP4K.UR03_sortAssignedResources"/></classes></test> 
  <test name="04-Multiple unassign of 4K resources via edit UM user"><classes><class name="com.users.usersAndResources.basicActions.HP4K.UR04_multiUnassign4KResources"/></classes></test> 
  <test name="05-Delete UM user with 4K and UC resource"><classes><class name="com.users.usersAndResources.basicActions.HP4K.UR05_deleteUMuserWith4KandUCResource"/></classes></test> 
  <test name="06-Multiple assign of 4K resources"><classes><class name="com.users.usersAndResources.basicActions.HP4K.UR06_multiassign4KResources"/></classes></test> 
  <test name="07-Single unassign of 4K resources"><classes><class name="com.users.usersAndResources.basicActions.HP4K.UR07_singleUnassign4KResources"/></classes></test> 
 
   </suite>
