<suite name="User Templates" parallel="false" fileFragmentationLevel="2" preserve-order="true">
  <listeners>  
    <listener class-name="org.uncommons.reportng.HTMLReporter" />  
  </listeners> 
  
 <test name="01 User Templates UI"><classes><class name="com.userTemplates.A01_userTemplates"/></classes></test>
 <test name="02 Validations"><classes><class name="com.userTemplates.A02_userTemplates_Validations"/></classes></test>
 <test name="03 Add OSV"><classes><class name="com.userTemplates.A03_userTemplates_Add_OSV"/></classes></test>
 <test name="04 Add XP"><classes><class name="com.userTemplates.A04_userTemplates_Add_XP"/></classes></test>
 <test name="05 Add UC"><classes><class name="com.userTemplates.A05_userTemplates_Add_UC"/></classes></test>
 <test name="06 Add OSV n UC"><classes><class name="com.userTemplates.A07_userTemplates_Add_OSV_n_UC"/></classes></test>
 <test name="07 Add duplicate"><classes><class name="com.userTemplates.A06_userTemplates_Add_Duplicates"/></classes></test>
 <test name="08 Sort"><classes><class name="com.userTemplates.A08_userTemplates_Sort"/></classes></test>
 <test name="09 Edit"><classes><class name="com.userTemplates.A09_userTemplates_Edit"/></classes></test>
 <test name="10 Delete"><classes><class name="com.userTemplates.A10_userTemplates_Delete"/></classes></test>
 <test name="11 Add Edit 4K"><classes><class name="com.userTemplates.A17_userTemplates_Add_Edit_4K"/></classes></test>
 <test name="12 Add Edit 4k n UC"><classes><class name="com.userTemplates.A18_userTemplates_Add_4K_n_UC"/></classes></test>
 <test name="13 Try to disable 4K, then change type to UC"><classes><class name="com.userTemplates.A19_userTemplates_Change_4KtoUC"/></classes></test>
  </suite>