<suite name="Users and Resources, basic actions with existing OSV resources" parallel="false" fileFragmentationLevel="2">
  <listeners>  
    <listener class-name="org.uncommons.reportng.HTMLReporter" />  
  </listeners> 
  <test name="00-Listing, filtering, sorting of existing OSV resources via a UM user"><classes><class name="com.users.usersAndResources.basicActions.OSV.UR00_listOfExistingOSVResources"/></classes></test>
  <test name="01-Assign public and private existing OSV resources to a UM user"><classes><class name="com.users.usersAndResources.basicActions.OSV.UR01_assignOSVResource"/></classes></test> 
  <test name="02-Configure UC resource of UM user with OSV resource assigned"><classes><class name="com.users.usersAndResources.basicActions.OSV.UR02_assignUCResource"/></classes></test>
  <test name="03-Sort list of assigned resources of a UM user"><classes><class name="com.users.usersAndResources.basicActions.OSV.UR03_sortAssignedResources"/></classes></test> 
  <test name="04-Edit via arrow, link, resource center the UC resource of a UM user"><classes><class name="com.users.usersAndResources.basicActions.OSV.UR04_editUCResource"/></classes></test> 
  <test name="05-Change ONS number of a UM user"><classes><class name="com.users.usersAndResources.basicActions.OSV.UR05_changeONSofUMuser"/></classes></test> 
  <test name="06-Assign private OSV resource with no country and area code, Edit Subscriber"><classes><class name="com.users.usersAndResources.basicActions.OSV.UR06_assignOSVresource_noCCnoAC_ViewSubscriber"/></classes></test> 
  <test name="07-Validate unassign of ONS, unassign UC resource via edit UM user"><classes><class name="com.users.usersAndResources.basicActions.OSV.UR07_unassignUCresource"/></classes></test> 
  <test name="08-Multiple unassign of OSV resources via edit UM user"><classes><class name="com.users.usersAndResources.basicActions.OSV.UR08_unassignOSVResources"/></classes></test> 
  <test name="09-Add to UM user UC resource with Voicemail, change it, clear it"><classes><class name="com.users.usersAndResources.basicActions.OSV.UR09_assignUCResource_withVoicemail"/></classes></test> 
  <test name="09a-Unassign UC resource with Voicemail from a UM user"><classes><class name="com.users.usersAndResources.basicActions.OSV.UR09a_unassignUCResource_withVoicemail"/></classes></test> 
  <test name="10-Add, delete UM user with UC and Admin rights, verify licenses consumption, release"><classes><class name="com.users.usersAndResources.basicActions.OSV.UR10_deleteUMuser_withUCandAdminRights"/></classes></test> 
  <test name="10a-Add, delete UM user with UC and external resource"><classes><class name="com.users.usersAndResources.basicActions.OSV.UR10a_deleteUMuser_withUCandExternalResource"/></classes></test> 
  <test name="11-Unassigned resources are not unassigned when the user's save is canceled"><classes><class name="com.users.usersAndResources.basicActions.OSV.UR11_validateUnassign_afterCancelSaveUMuser"/></classes></test> 
  <test name="12-The unassign of the just configured UC resource is possible"><classes><class name="com.users.usersAndResources.basicActions.OSV.UR12_unassign_JustConfiguredUCresource"/></classes></test> 
  <test name="13-The just configured UC resource is not saved when the user's edition is canceled"><classes><class name="com.users.usersAndResources.basicActions.OSV.UR13_cancelSaveUMuser_withJustSetUCresource"/></classes></test> 
  <test name="14-Validate addition of UC resource"><classes><class name="com.users.usersAndResources.basicActions.OSV.UR14_validateAdditionOfUCresource"/></classes></test> 
  <test name="15-Validate UC resource creation when CSTA is not added"><classes><class name="com.users.usersAndResources.basicActions.OSV.UR15_UCResourceFails_WhenCSTAdoesNotExist"/></classes></test> 
  <test name="16-UC resource is created when CSTA exists and bcfed attribute is missing"><classes><class name="com.users.usersAndResources.basicActions.OSV.UR16_UCResourceIsCreated_BCfedAttributeIsMissing"/></classes></test> 
  <test name="17-Multiple OSV resources assignment"><classes><class name="com.users.usersAndResources.basicActions.OSV.UR17_multiassignOSVResources"/></classes></test> 
  <test name="18-Groupware connection is set, option to create assignment exists on the UC resource"><classes><class name="com.users.usersAndResources.basicActions.OSV.UR18_validateGroupwareAssign"/></classes></test> 
  <test name="19-Configure UC resource with Groupware assignment"><classes><class name="com.users.usersAndResources.basicActions.OSV.UR19_addEditUCResource_withGroupwareAssignment"/></classes></test> 
  <test name="20-Change email1 of a UM user with Groupware assignment, remove Groupware assign"><classes><class name="com.users.usersAndResources.basicActions.OSV.UR20_UMwithGPW_changeEmail1_removeGPW"/></classes></test> 
  <test name="21-UM user with Groupware, validate empty email1, unassign UC resource"><classes><class name="com.users.usersAndResources.basicActions.OSV.UR21_UMwithGPW_emptyEmail1_unassignUC"/></classes></test> 
    </suite>
