<suite name="Users and Resources, bulk actions, Edit" parallel="false" fileFragmentationLevel="2" preserve-order="true">
  <listeners>  
    <listener class-name="org.uncommons.reportng.HTMLReporter" />  
  </listeners> 
  
 <test name="01-Bulk edit UM users, basic UI test, validations"><classes><class name="com.users.usersAndResources.bulkActions.bulkEdit.UR01_bulkEditUMUser_UI_validations"/></classes></test>
 <test name="02-Bulk edit 19 out of 20 UM users, all attributes"><classes><class name="com.users.usersAndResources.bulkActions.bulkEdit.UR02_bulkEdit19UMUsers_changeAll"/></classes></test>
 <test name="03-Bulk edit 5 out of 20 UM users, some attributes"><classes><class name="com.users.usersAndResources.bulkActions.bulkEdit.UR03_bulkEditUMUsers_changeSomeAttributes"/></classes></test>
 <test name="04-Bulk edit report log is deleted right after logout"><classes><class name="com.users.usersAndResources.bulkActions.bulkEdit.UR04_bulkEdit_ReportsAreDeletedAfterLogout"/></classes></test>
 <test name="05-Cancel Bulk edit of 20 (selectAll) UM users via the progress bar"><classes><class name="com.users.usersAndResources.bulkActions.bulkEdit.UR05_bulkEdit_selectAll_20UMUsers_cancelFromProgressBar"/></classes></test>
 <test name="06-Bulk edit of 5 UM users on subdomain, all attributes"><classes><class name="com.users.usersAndResources.bulkActions.bulkEdit.UR06_bulkEdit_onSubdomain"/></classes></test>
   </suite>