<suite name="User profiles for DoD" parallel="false" fileFragmentationLevel="2" preserve-order="true">
  <listeners>  
    <listener class-name="org.uncommons.reportng.HTMLReporter" />  
  </listeners> 
 <test name="01 User profiles for DoD - No delete or Edit for Super Admin CMP profile"><classes><class name="com.user_profilesForDod.A01_adminprofilelockedCheckEditDeleteActions"/></classes></test>
 <test name="02 User profiles for DoD - CMP user with only active sessions permission"><classes><class name="com.user_profilesForDod.A02_CMPuserWithActiveSessionsPermission"/></classes></test>
 <test name="03 User profiles for DoD - CMP user with only admin users permission"><classes><class name="com.user_profilesForDod.A03_CMPuserWithAdminUsersPermissions"/></classes></test>
 <test name="04 User profiles for DoD - CMP super admin profile cannot get unassigned from last cmp user"><classes><class name="com.user_profilesForDod.A04_CMPAdminProfileCannotGetUnassignedFromLastCMPUser"/></classes></test>
 <test name="05 User profiles for DoD - Copy CMP super admin profile cannot get unassigned or deleted from last cmp user"><classes><class name="com.user_profilesForDod.A05_aCopyOfAdminProfileCannotGetDeletedWhenAssignedTolastAdminUser"/></classes></test>
 </suite>