<suite name="vApp" parallel="false" fileFragmentationLevel="2" useDefaultListeners="false">
  <listeners>  
  <listener class-name="org.uncommons.reportng.HTMLReporter" />  
  </listeners>  
<test name="01-Configuration vApp"><classes><class name="com.vApp.A01_ConfigurevApp"/></classes></test>
<test name="02-Check Major Alarm"><classes><class name="com.vApp.A02_CheckAlarm"/></classes></test> 
<test name="03-Check Alarm Indicator"><classes><class name="com.vApp.A03_CheckVirtualIndicator"/></classes></test>
</suite>