<suite name="Create Xpression" parallel="false" fileFragmentationLevel="2" useDefaultListeners="false">
  <listeners>  
  <listener class-name="org.uncommons.reportng.HTMLReporter" />  
  </listeners>  
<test name="01-Check Xpression UI"><classes><class name="com.users.usersAndResources.resources.createXpressionResource.A01_CreateXpression_UI"/></classes></test>
<test name="02-Add UM with Xpression"><classes><class name="com.users.usersAndResources.resources.createXpressionResource.A02_AddUMwithXpression"/></classes></test>
<test name="03-Edit UM no UC"><classes><class name="com.users.usersAndResources.resources.createXpressionResource.A03_EditUMNoUC"/></classes></test>
<test name="04-Verify Duplicate Resources"><classes><class name="com.users.usersAndResources.resources.createXpressionResource.A04_CreateSameXpression"/></classes></test>
<test name="05-Delete UM and Xpression"><classes><class name="com.users.usersAndResources.resources.createXpressionResource.A05_DeleteUMwithXpression"/></classes></test>
</suite>