<?xml version="1.0"?>
<!--
Here you can configure the limitation of sessions.
application: maximum number of all logged-in users
	in the application.
default: default number of sessions allowed for a user
others (i.e. administrator@system): number of sessions
	allowed for specific user

NOTE: 0 (default value) means unlimited sessions.
	Any integer greater	than 0 will limit the sessions
	to that number.  
-->
<sessionConfiguration>
	<user>
		<userId>application</userId>
		<maxActiveSessions>0</maxActiveSessions>
	</user>
	<user>
		<userId>administrator@system</userId>
		<maxActiveSessions>1</maxActiveSessions>
	</user>
	<!--
	<user>
		<userId>administrator@system</userId>
		<maxActiveSessions>1</maxActiveSessions>
	</user>
	<user>
		<userId>user@system</userId>
		<maxActiveSessions>1</maxActiveSessions>
	</user>
	-->
</sessionConfiguration>