##Domain;parentDomainName;name;description;attributes
##Switch4k;id;version;name;CSTAAddressMain;CSTAPortMain;applId;subApplId
##Switch8k;id;version;name;CSTAAddressMain;CSTAPortMain;CSTAAddressAlternative;CSTAPortAlternative;AdminAddressMain;AdminPortMain;AdminAddressAlternative;AdminPortAlternative
##BCFederation;id;bcomHomeResponsibility;comProviderResponsibility;switchId
##NPPrivate;id;domain;level2Code;level1Code;level0Code;switchId
##NPPublic;id;domain;countryCode;areaCode;localDestinationCode;switchId
##NPUnknown;id;domain;nodeCD;switchId
##DPPrivate;id;domain;level2Prefix;level2ExitCode;level1Prefix;level1ExitCode;level0Prefix;level0ExitCode;switchId
##DPPublic;id;domain;internationalPrefix;internationalExitCode;nationalPrefix;nationalExitCode;subscriberPrefix;subscriberExitCode;switchId
##Phone4k;id;domain;publicExtension;privateExtension;normalizedNumber;virtualNodeId;isUnique;switchId;assignedNumberingPlanPublicId;assignedNumberingPlanUnknownId;assignedNumberingPlanPrivateId;assignedDialPlanPublicId;assignedDialPlanPrivateId;BCFedId;fullyQualifiedUserId;isONS;displayName
##Phone;id;domain;publicExtension;privateExtension;normalizedNumber;switchId;assignedNumberingPlanPublicId;assignedNumberingPlanUnknownId;assignedNumberingPlanPrivateId;assignedDialPlanPublicId;assignedDialPlanPrivateId;orphan;BCFedId;fullyQualifiedUserId;isONS;displayName
##VoiceMail;id;domain;displayName;normalizedNumber
##QueueDevice;id;domain;displayName;normalizedNumber
##AllocatedPhone;id;domain;displayName;normalizedNumber
##User;id;domain;displayName;currentTimeZone;homeTimeZone;defaultLocale;vanityCodeString;password;pin;assignedPhoneNumber;assignedPhone4KNumber;publishedResource;assignedBusinessGroup;assignedProfile;assignedVoicemail;preferredDeviceAndTarget;allocatedPhone;assignedCallQueue
##Contact;middleName;domain;lastName;givenName;displayName;salutation;title;alias;gender;symIdentityOfOwner;symIdentityOfContact;countryCode;state;postalCode;city;street;building;room;companyName;department;homeURL;assignedPhoneNumber;assignedEmail;assignedFax;assignedMobile;assignedHomePhone
##Role;domain;name;application;permissions
##ExternalId;externalId;assignedUserIdentity;assignedExternalSystemId;isContactMaster;isProvisioningMaster;additionalInfo
